video_id,title,published_at,view_count,like_count,comment_count,duration,hours,minutes,seconds,podcast,total_seconds,duration_minutes,is_short_strict
fP7jNb4hT8M,"Smart Founders Don‚Äôt Fear AI, They Partner It!",2025-11-23T15:04:55Z,23500,847,4,PT1M14S,0,1,14,No,74,1.2333333333333334,False
H088ypbYuDw,100x Your Brand in 60 Minutes with These PROVEN Tactics,2025-11-21T13:42:00Z,120903,2411,132,PT1H20M26S,1,20,26,No,4826,80.43333333333334,False
wO1eJMRMvyE,From ‚Çπ0 to ‚Çπ1500 CR: The Mensa Playbook!,2025-11-21T13:31:11Z,50437,1464,27,PT2M13S,0,2,13,No,133,2.216666666666667,False
WU1441n9Ev0,Insight-driven brands always win in India!,2025-11-16T06:30:14Z,67227,1130,10,PT1M5S,0,1,5,No,65,1.0833333333333333,False
jBEOdMKAkEU,BYD vs Tesla: How CHINA Beat ELON MUSK at His Own Game| Business Case Study,2025-11-11T13:02:48Z,641442,16666,742,PT22M33S,0,22,33,No,1353,22.55,False
CaoAr02C3pI,"Repeat value, not volume!",2025-11-10T05:45:19Z,33190,930,7,PT1M7S,0,1,7,No,67,1.1166666666666667,False
U1uF-c0zmr8,The REAL Reason Familiar Taste Beats Fancy Flavors Always,2025-11-09T06:59:23Z,488090,10855,36,PT1M12S,0,1,12,No,72,1.2,False
16p88Rrrckc,Health isn‚Äôt punishment. It‚Äôs portion control.,2025-11-08T08:00:02Z,32125,712,12,PT1M7S,0,1,7,No,67,1.1166666666666667,False
rE5yGaXVH84,One recipe can‚Äôt win all of India!,2025-11-07T09:38:27Z,61560,1143,10,PT1M12S,0,1,12,No,72,1.2,False
G8UK7WcdF1Y,Super You's EPIC ‚Çπ100 Crore Blueprint: INSANE Marketing SECRETS Nobody Talks About! IBP 46,2025-11-04T15:15:37Z,138936,2359,122,PT1H37M52S,1,37,52,No,5872,97.86666666666666,False
sVlJveU54Bs,How Super You became a ‚Çπ100 Cr story?,2025-11-04T15:15:14Z,69626,2071,33,PT1M50S,0,1,50,No,110,1.8333333333333333,False
Ib1E-rneIEk,India‚Äôs next revolution runs on sunlight.,2025-10-30T04:30:10Z,51777,1475,15,PT1M24S,0,1,24,No,84,1.4,False
MOy2QiG4yMg,India's DEEP Power Crisis Explained,2025-10-29T16:00:41Z,186148,4020,56,PT1M21S,0,1,21,No,81,1.35,False
Ho7yc-gDcd0,Ambani & Adani's AI Data Centres Spark India's Growing WATER SCARCITY,2025-10-29T15:25:28Z,449018,15384,1214,PT15M45S,0,15,45,No,945,15.75,False
WbA0k9ZiLE0,India mines coal and buys it too?!,2025-10-28T19:30:06Z,52613,1266,17,PT1M2S,0,1,2,No,62,1.0333333333333334,False
wP6nHR7cI58,Apple is Failing ? : The TRUTH Apple Doesn‚Äôt Want You to Know | Business Case study,2025-10-27T15:13:41Z,458392,13396,594,PT16M48S,0,16,48,No,1008,16.8,False
C_Wk44s2TWY,India‚Äôs Dirty Secret: How is the Power Crisis Paralysing India? How to fix it?,2025-10-22T15:55:01Z,263364,4621,351,PT1H42M7S,1,42,7,No,6127,102.11666666666666,False
QSm9xVdn9AY,What if India‚Äôs ‚Çπ8 Lakh Crore power problem is next biggest business opportunity?,2025-10-22T08:30:12Z,139091,3893,72,PT2M14S,0,2,14,No,134,2.2333333333333334,False
6qprafmrYJA,Which flavour screams India: Kacha Aam or Jeera?,2025-10-19T14:00:11Z,232266,4035,19,PT1M1S,0,1,1,No,61,1.0166666666666666,False
dBFtJUYk-w8,TATA MOTORS DEMERGER :Genius or Blunder? | Business Case study,2025-10-17T14:45:07Z,592433,19029,389,PT20M42S,0,20,42,No,1242,20.7,False
6IFLWZ3KtoA,Can Lahori Jeera‚Äôs strategy Beat Ambani‚Äôs Campa Cola? ‚Çπ10 War Explained : IBP Case Study,2025-10-09T13:12:20Z,263913,3920,280,PT1H28M45S,1,28,45,No,5325,88.75,False
kDGCTQsIj2E,"MSP isn't the problem, India's use of it is",2025-10-08T13:01:26Z,137996,2870,58,PT1M43S,0,1,43,No,103,1.7166666666666666,False
NM_Icq_Vpyc,How ‚Çπ10 drink made ‚Çπ525 cr Empire! #cocacola #scam #startup #investing,2025-10-08T10:45:01Z,139212,3283,28,PT1M30S,0,1,30,No,90,1.5,False
mLf3KYTkGuA,How America Funds Wars to make Money? America's dirty strategy Exposed | Geopolitical case study,2025-10-04T13:30:46Z,546359,18597,620,PT20M9S,0,20,9,No,1209,20.15,False
tlj7hMWj0vI,India‚Äôs black economy isn‚Äôt accidental!,2025-10-04T13:15:33Z,272850,6175,89,PT1M7S,0,1,7,No,67,1.1166666666666667,False
5zRFMIAHeLs,Is India's DEMONETIZATION WAR on Black Money Working?,2025-10-02T10:25:02Z,670449,12941,123,PT1M23S,0,1,23,No,83,1.3833333333333333,False
du7Auc_qprE,Is BJP doing a good job?,2025-10-01T09:02:07Z,159907,5559,130,PT1M49S,0,1,49,No,109,1.8166666666666669,False
K7FwtWVa8ds,3 Crore a bed vs 70 Lakh a bed!,2025-09-28T04:30:13Z,270886,6430,56,PT1M30S,0,1,30,No,90,1.5,False
tz2ujCvDRRg,No More Waiting for hours in hospital!,2025-09-27T15:08:06Z,52957,1279,12,PT1M15S,0,1,15,No,75,1.25,False
br2Tbn11DjY,Magic Hospital ‚ù§Ô∏è,2025-09-26T15:15:36Z,149712,2984,30,PT1M16S,0,1,16,No,76,1.2666666666666666,False
XaG2QNfiPnk,God Complex: Elon Musk vs Sam Altman and the AI Battle,2025-09-25T04:49:53Z,461850,17483,633,PT19M3S,0,19,3,No,1143,19.05,False
Lhc_NfG54PA,India's Health Crisis : How to Fix India's BROKEN healthcare system? | Ex Apollo Reveals Secrets,2025-09-18T15:43:40Z,354787,9313,751,PT1H54M54S,1,54,54,No,6894,114.9,False
Jgi9zztt758,Shocking reality of Indian Healthcare,2025-09-15T08:30:08Z,51546,1714,28,PT1M49S,0,1,49,No,109,1.8166666666666669,False
4WYJHSeBGOs,Is Navi Mumbai the future of urban living?,2025-09-14T06:30:03Z,127515,3315,27,PT1M2S,0,1,2,No,62,1.0333333333333334,False
ieyzFXJk4e8,Dictator vs Democracy: The rise of Xi Jinping and China? Explained,2025-09-13T08:30:24Z,621402,17754,1358,PT23M25S,0,23,25,No,1405,23.416666666666668,False
0ieqe41jOEA,The Real TRUTH About E20 Petrol | Full POLICY EXPLAINED,2025-09-07T10:30:02Z,848722,29234,3732,PT17M50S,0,17,50,No,1070,17.833333333333332,False
IiLmHwfx6e4,UltraRich Broker Spills secrets on Mumbai Real Estate? | ft. @rk.ravikewalramani Business Podcast,2025-09-05T12:30:33Z,259978,3764,364,PT1H45M46S,1,45,46,No,6346,105.76666666666668,False
ZqIk_TSrsNs,Mumbai Property Pricier Than Manhattan!? Releasing Soon...,2025-09-03T07:30:18Z,112242,3150,31,PT1M34S,0,1,34,No,94,1.5666666666666669,False
tQRjVK8NOiY,Why Work Experience Matters Before MBA,2025-09-01T08:08:05Z,43984,1184,5,PT1M2S,0,1,2,No,62,1.0333333333333334,False
IDFPJSZq8UM,Modi In China : Is India About to Make a HUGE Mistake in China Relations?,2025-08-31T08:30:07Z,857895,28045,2027,PT21M28S,0,21,28,No,1288,21.466666666666665,False
yHbMi0UDgKc,Selling a Startup: Myth vs Reality,2025-08-28T12:31:25Z,241328,6732,23,PT1M10S,0,1,10,No,70,1.1666666666666667,False
KW3TzlGE98I,China‚Äôs Lithium Monopoly,2025-08-28T08:50:47Z,524086,13389,118,PT1M9S,0,1,9,No,69,1.15,False
LM1ToX-82f8,Indigo vs Emirates: Can Indigo Survive the Oil Titans and go International? : Business case study,2025-08-27T15:01:38Z,821762,19139,962,PT26M48S,0,26,48,No,1608,26.8,False
Tt-cSywn1f0,Why Scaler redefines business education,2025-08-22T11:37:00Z,59904,1418,10,PT1M36S,0,1,36,No,96,1.6,False
70Bg6fkr9gI,CEO Blueprint : Anupam Mittal's Masterclass on How to Find Gap in the Market?,2025-08-21T15:15:01Z,312192,6212,276,PT1H45M18S,1,45,18,No,6318,105.3,False
QQ9XhGuBIZ8,What Investors Really Look For? @SonyLIV‚Äã,2025-08-21T14:33:46Z,85884,3001,23,PT1M37S,0,1,37,No,97,1.6166666666666667,False
bVmqGQwP918,Edit that changed Taare Zameen Par,2025-08-20T13:30:36Z,1578689,44494,90,PT1M14S,0,1,14,No,74,1.2333333333333334,False
1tRTWwZ5DIc,The INSANE Rise of NVIDIA: From Bankruptcy to $4 Trillion? | Business case study @NVIDIA,2025-08-17T06:30:07Z,971431,33075,748,PT26M57S,0,26,57,No,1617,26.95,False
8FDs-jQYAmM,Lessons from Tomorrowland for India!,2025-08-14T13:24:52Z,200399,8865,118,PT1M58S,0,1,58,No,118,1.9666666666666663,False
cgrRcoUDRmM,Payments App That Stops Your Money Leaks,2025-08-13T14:25:27Z,107955,5925,53,PT1M24S,0,1,24,No,84,1.4,False
YYJZ6FDO5W4,3 Critical Factors That Will SHAPE Indian Cinema's Success,2025-08-11T14:30:23Z,253434,5778,478,PT1H46M45S,1,46,45,No,6405,106.75,False
_WCM7Pz1jy4,Addressing the hate I got on the Israel podcast,2025-08-08T14:10:57Z,163594,10736,1876,PT10M6S,0,10,6,No,606,10.1,False
6FzfkIGuscc,"Why Israel Attacks Syria, Fears Iran‚Äôs Bomb & Faces Global Pressure : Israeli Ambassador Explains",2025-08-06T13:00:11Z,113771,4412,921,PT1H3M20S,1,3,20,No,3800,63.333333333333336,False
MPb-kn4C1EU,IBP with Israel‚Äôs Top Diplomat,2025-08-06T02:30:18Z,40764,1441,108,PT1M26S,0,1,26,No,86,1.4333333333333331,False
P5BRLfA3fGs,"China is in 300% DEBT, is it a CRITICAL LESSON for India? ECONOMIC CASE STUDY",2025-07-30T14:30:07Z,759542,21602,1121,PT16M49S,0,16,49,No,1009,16.816666666666666,False
3JcmOnZ4f3Y,Man behind @OpenAI ft. Srinivas Narayanan,2025-07-30T14:30:04Z,33720,1123,17,PT1M24S,0,1,24,No,84,1.4,False
LrH36jzRFyE,Join us at Odoo Community Days,2025-07-28T06:22:52Z,22907,683,10,PT1M5S,0,1,5,No,65,1.0833333333333333,False
WigW83_aoAI,Why Airport Areas See Land Hype,2025-07-21T14:23:19Z,203547,4209,19,PT1M24S,0,1,24,No,84,1.4,False
lAIh3MgD7Ac,Why Gurgaon‚Äôs Real Estate Boomed?,2025-07-21T12:48:18Z,75592,1489,13,PT1M15S,0,1,15,No,75,1.25,False
yDed2v571pw,Gurgaon Property Boom or Bust? Releasing soon!,2025-07-19T09:03:17Z,165673,4457,62,PT1M52S,0,1,52,No,112,1.8666666666666667,False
0Z_IL6IQvJk,One Big Myth About Startups,2025-07-14T13:57:33Z,48774,1757,5,PT1M1S,0,1,1,No,61,1.0166666666666666,False
rb_tQdRwYnw,Trump's Explosive Warning: Is BRICS on the Edge of Collapse? Geopolitical Case Study,2025-07-13T10:40:01Z,519953,15527,621,PT11M50S,0,11,50,No,710,11.833333333333334,False
h-Q0777sxpk,IIM is Overrated?,2025-07-11T14:50:03Z,106277,2283,15,PT1M9S,0,1,9,No,69,1.15,False
Jtlhil-ZrSw,Inside Facebook‚Äôs Ruthless Meritocracy,2025-07-11T13:50:05Z,534152,9144,43,PT1M2S,0,1,2,No,62,1.0333333333333334,False
-_rzYoEZdc0,50 Lakhs income secret.. coming soon,2025-07-11T13:25:34Z,32508,773,10,PT1M32S,0,1,32,No,92,1.5333333333333334,False
HP5Ksajn4lc,America Shocked üö®: Elon Musk Annouces a new Political Party | Whats next? | Political Case study,2025-07-04T06:43:00Z,751121,21160,1164,PT23M54S,0,23,54,No,1434,23.9,False
7ek1P610tm4,"How this UGLY Doll ""Labubu"" Prints $1.6 Billion: HYPE Marketing Explained | Business Case Study",2025-07-02T15:00:07Z,841171,19140,739,PT20M21S,0,20,21,No,1221,20.35,False
B8X3loWQqyU,MrBeast's Viral Thumbnail Secret!,2025-06-30T06:15:17Z,33977,1095,3,PT1M10S,0,1,10,No,70,1.1666666666666667,False
O0Qhnls-C6k,NASA's Innovation First Rule,2025-06-30T06:13:56Z,62427,2321,7,PT1M3S,0,1,3,No,63,1.05,False
1--iZlvRw9Q,Product vs Sponsorship,2025-06-27T09:09:59Z,45104,1432,4,PT1M13S,0,1,13,No,73,1.2166666666666666,False
KUM6J25ySlE,How Does Mark Rober Create Viral Hits?,2025-06-27T08:15:02Z,38359,1404,6,PT1M25S,0,1,25,No,85,1.4166666666666667,False
7HAF4KdnfC8,Apple‚Äôs Secret Culture of Simplicity,2025-06-26T06:46:51Z,95909,3902,14,PT1M11S,0,1,11,No,71,1.1833333333333331,False
YZOaZM4Cf1M,"@MarkRober  Loves ""Jugaad""",2025-06-25T14:56:28Z,52464,2096,19,PT1M2S,0,1,2,No,62,1.0333333333333334,False
rlcZyFsGFkk,AI Will Reshape Global Power Forever,2025-06-25T14:52:46Z,22914,1108,4,PT1M23S,0,1,23,No,83,1.3833333333333333,False
5d3AB7oYQy4,Creators Fail Without THIS One Role!,2025-06-25T14:45:46Z,26578,1652,2,PT1M14S,0,1,14,No,74,1.2333333333333334,False
a2bReBOl91U,@MarkRober  NASA Engineer to YouTuber,2025-06-25T10:40:07Z,38892,1853,15,PT1M33S,0,1,33,No,93,1.55,False
cfpIxv8vqr0,Why Russia and China wont let IRAN Fall? | Geopolitical Case Study,2025-06-24T05:33:10Z,804508,24287,970,PT15M58S,0,15,58,No,958,15.966666666666669,False
7HXNTrfJ16c,Dark Side of Skincare Industry,2025-06-21T06:48:21Z,49673,1429,6,PT1M6S,0,1,6,No,66,1.1,False
zGIwnkU01X4,FREE MBA : How Minimalist Conquered India's D2C Beauty Market? - IBP EP32,2025-06-20T13:45:08Z,117683,2537,103,PT2H13M43S,2,13,43,No,8023,133.71666666666667,False
nAEHny6_d8w,2955 Cr Skincare Business #minimalist,2025-06-19T12:01:56Z,35348,1236,16,PT1M34S,0,1,34,No,94,1.5666666666666669,False
J7eRGL5uvaE,DONALD TRUMP'S ‚ÄúBig Beautiful Bill‚Äù Just Changed Everything for ELON MUSK!!,2025-06-12T15:20:00Z,513452,13048,372,PT16M51S,0,16,51,No,1011,16.85,False
MZQvvg_x3gg,AMERICA can create UNLIMITED Money? The Real Power of the US DOLLAR | Economic Case Study,2025-06-10T13:30:07Z,365382,11620,517,PT15M32S,0,15,32,No,932,15.533333333333331,False
fVuA_01Fi9E,Why universities aren't becoming best?,2025-06-09T07:52:08Z,82051,2442,79,PT1M20S,0,1,20,No,80,1.3333333333333333,False
tC5qFAkST_4,Scale for a college?,2025-06-09T07:41:37Z,30020,787,5,PT1M18S,0,1,18,No,78,1.3,False
eWP2_oOY_sE,China's was making future India,2025-06-09T07:36:29Z,34017,995,14,PT1M9S,0,1,9,No,69,1.15,False
DVjbCEZJfTI,Parents' Dreams vs. Our Own,2025-06-07T14:21:20Z,44617,1165,4,PT1M18S,0,1,18,No,78,1.3,False
wrjk1NIuRS0,The Education Business in India,2025-06-07T14:06:21Z,682221,12383,68,PT1M11S,0,1,11,No,71,1.1833333333333331,False
Ymcq18ZNNWA,College Built With Zero Capex,2025-06-07T12:43:05Z,50742,1190,15,PT1M9S,0,1,9,No,69,1.15,False
OGYZfAibQgk,"Feedback transforms, growth follows naturally.",2025-06-07T12:24:35Z,28856,1017,5,PT1M11S,0,1,11,No,71,1.1833333333333331,False
uABNWprCXMY,Is the Company Investing in You?,2025-06-07T11:45:11Z,43465,1747,2,PT1M36S,0,1,36,No,96,1.6,False
LyjZkxqjN5A,Full Podcast tomorrow evening,2025-06-06T11:30:14Z,44686,1550,25,PT1M21S,0,1,21,No,81,1.35,False
q7A2jTYmxsY,Franchise Mistakes To Avoid,2025-06-03T11:10:47Z,64267,1275,9,PT1M2S,0,1,2,No,62,1.0333333333333334,False
hkVY4_jnPi0,India Needs More Value Addition,2025-06-02T14:48:13Z,184110,4146,84,PT1M2S,0,1,2,No,62,1.0333333333333334,False
6LpLl5H63N0,India's Retail King's Success Formula,2025-06-01T11:19:42Z,160700,5878,38,PT1M48S,0,1,48,No,108,1.8,False
eWiBLgxOcW0,Is India‚Äôs $4 Trillion GDP Actually a Trap? | Economic Case Study,2025-05-30T15:36:33Z,1482370,59833,7021,PT28M7S,0,28,7,No,1687,28.116666666666667,False
JRWqsdqXx7c,What Makes Hyderabad Special?,2025-05-29T11:17:10Z,63017,1454,16,PT1M14S,0,1,14,No,74,1.2333333333333334,False
ycGsB6Mzz6M,Safest City in India?,2025-05-28T12:01:50Z,64677,1946,57,PT1M15S,0,1,15,No,75,1.25,False
qVwP6JExZuA,How to Negotiate like a Pro,2025-05-28T11:45:05Z,129396,2240,12,PT1M5S,0,1,5,No,65,1.0833333333333333,False
65bWdY_7620,Red Flags in a Builder,2025-05-28T07:41:03Z,103630,1967,6,PT1M21S,0,1,21,No,81,1.35,False
GCBdqIterjc,Future Cities of India Explained,2025-05-27T13:00:23Z,119346,2606,45,PT1M23S,0,1,23,No,83,1.3833333333333333,False
JG2N2sdhSGQ,How to Invest in Indian Real estate? Complete guide in 90 mins I IBP EP29,2025-05-27T12:30:19Z,465070,7042,586,PT1H47M,1,47,0,No,6420,107.0,False
Z8Ijd45r8Hk,The UNTOLD STORY about America's $36 Trillion Debt | ECONOMIC Case Study,2025-05-26T15:15:07Z,1207772,29798,4254,PT18M17S,0,18,17,No,1097,18.283333333333335,False
oqD1np8kqsU,Ease of business in India,2025-05-26T13:16:28Z,965151,21780,402,PT1M3S,0,1,3,No,63,1.05,False
afTl4i7B_74,Hidden Truths of Indian Real Estate,2025-05-26T12:01:01Z,85222,3515,36,PT2M2S,0,2,2,No,122,2.033333333333333,False
0YrInRvAhQQ,Why Turkey Loves Pakistan Over India ?| UPSC Geopolitical case study,2025-05-21T13:00:17Z,374885,13478,1006,PT17M36S,0,17,36,No,1056,17.6,False
eq5JDN5hglY,Can Starlink DISRUPT India's telecom sector? : Starlink case study,2025-05-14T15:45:10Z,522992,12329,736,PT18M53S,0,18,53,No,1133,18.883333333333333,False
W9LZoIbA1cU,Indian Army Never Forgets!,2025-05-08T10:27:00Z,116851,3703,24,PT1M6S,0,1,6,No,66,1.1,False
g8Y78Ct-8_M,How Amitabh Bachchan fell in love with Naturals? Business Case Study,2025-04-23T14:30:08Z,882796,17783,417,PT21M13S,0,21,13,No,1273,21.216666666666665,False
TnEyFSToGbg,"Is Digital India a Failure? Are there Gaps in UPI, ONDC and OCEN? Detailed Analysis",2025-04-14T14:55:08Z,522020,15055,725,PT17M43S,0,17,43,No,1063,17.716666666666665,False
wVXAFlueS9Y,How Steve Jobs saved Apple from BANKRUPTCY? | Documentary | The Greatest Comeback story ever,2025-04-11T14:45:07Z,516209,15327,556,PT32M30S,0,32,30,No,1950,32.5,False
GlnC0O-56ks,Will AI End Us?,2025-04-10T13:44:40Z,91364,1798,29,PT1M23S,0,1,23,No,83,1.3833333333333333,False
X5y2SZ8Yyng,The DANGEROUS Side of AI,2025-04-10T13:44:17Z,37690,1087,17,PT1M21S,0,1,21,No,81,1.35,False
DEvMtZLTT8c,Game Changing AI Tools,2025-04-10T11:16:25Z,2464196,78628,205,PT1M9S,0,1,9,No,69,1.15,False
dsM7bIwnox8,Dark Truth about AI Exposed?,2025-04-10T11:15:35Z,77845,1837,28,PT1M11S,0,1,11,No,71,1.1833333333333331,False
IsbQgOFDHbk,@nikhil.kamath  on Indian Business podcast,2025-04-09T13:47:52Z,288224,9409,81,PT1M3S,0,1,3,No,63,1.05,False
5G1Xaj3gIP0,Grok AI Exposed?,2025-04-05T14:37:54Z,153746,2755,66,PT1M31S,0,1,31,No,91,1.5166666666666666,False
ZCf2U9J32xI,Will AI Replace Indian Engineers?,2025-04-05T14:35:40Z,1042346,21292,482,PT1M32S,0,1,32,No,92,1.5333333333333334,False
N4gFaOp-QzM,Want To Survive The AI Revolution? Watch This Now,2025-04-05T12:59:46Z,34179,1269,8,PT2M30S,0,2,30,No,150,2.5,False
lBRFzr8BS8E,Secret to 100x scale?,2025-03-31T10:16:17Z,145452,2418,8,PT1M2S,0,1,2,No,62,1.0333333333333334,False
TRSW9E3gIPE,Is ZARA Failing?,2025-03-31T09:46:09Z,59430,1157,5,PT1M1S,0,1,1,No,61,1.0166666666666666,False
iSAqr09NMpg,ZARA is dead?,2025-03-27T15:06:27Z,56052,1944,15,PT1M37S,0,1,37,No,97,1.6166666666666667,False
VJbuBEZXcT8,Reviews can build your Brand!,2025-03-27T15:05:24Z,32180,1008,2,PT1M23S,0,1,23,No,83,1.3833333333333333,False
Vwl6ZETAf9s,How to Build a clothing brand and make 500crores in India? ft. Siddharth Dungarwal | Snitch IBP EP27,2025-03-27T14:30:08Z,345744,6441,281,PT2H22M36S,2,22,36,No,8556,142.6,False
AsEKIBskAqY,Recession fears in America again? India in Trouble? : Economic Case study,2025-03-25T15:36:07Z,1328782,28065,1260,PT20M46S,0,20,46,No,1246,20.766666666666666,False
JX916HnPgyQ,Is Dubai Real Estate Really a Goldmine or a Landmine? | Business Case study,2025-03-21T15:43:21Z,1681330,29936,1657,PT22M57S,0,22,57,No,1377,22.95,False
LAeFkUnLOZ4,Big issue of 5-star Restaurants!,2025-03-20T09:38:09Z,20523,777,8,PT1M20S,0,1,20,No,80,1.3333333333333333,False
UqAMv7h_PXo,How Jio revolution changed India?,2025-03-20T09:29:38Z,21189,740,4,PT1M10S,0,1,10,No,70,1.1666666666666667,False
jSkp8uYEx2A,99% of Restaurants FAIL ‚Äì How Petpooja built a software to save them? : Business Case Study,2025-03-18T14:00:08Z,277937,4321,203,PT1H41M34S,1,41,34,No,6094,101.56666666666666,False
GwYqInPCcSk,India‚Äôs No. 1 Restaurant Billing Solution,2025-03-18T12:53:53Z,56860,2324,10,PT1M43S,0,1,43,No,103,1.7166666666666666,False
FrP3ymZ09GY,Can Modi KILL the OIL Mafia?,2025-03-18T12:15:33Z,41421,2199,30,PT1M30S,0,1,30,No,90,1.5,False
h_fdPgjp4bI,Can Modi KILL the OIL Mafia? | Geopolitical Case Study,2025-03-15T13:00:07Z,1588455,36520,1980,PT24M14S,0,24,14,No,1454,24.233333333333334,False
fKsjmUha6UE,How India Killed British Monopoly to become the godfather of Cricket? : Business case study,2025-03-14T13:30:08Z,463535,12903,800,PT24M49S,0,24,49,No,1489,24.816666666666663,False
4InU47MTJJY,"MS Dhoni, The Greatest Captain Indian Cricket Has Ever Seen!  #championsleague #championstrophy2025",2025-03-09T06:33:29Z,31023,1212,11,PT1M5S,0,1,5,No,65,1.0833333333333333,False
Tz9h7GUb9dU,Why Australia Keeps Winning? #India #australia #indiavsaustralia,2025-03-09T06:07:10Z,259678,8435,64,PT1M9S,0,1,9,No,69,1.15,False
LGmPXIggYwM,Batsman‚Äôs Biggest Weapon?,2025-03-09T06:04:42Z,659773,27159,87,PT1M11S,0,1,11,No,71,1.1833333333333331,False
udFCIl1ULLA,Sachin made 100 Crores!,2025-03-09T06:03:24Z,683532,24322,60,PT1M5S,0,1,5,No,65,1.0833333333333333,False
gyZRSHn5_D8,India will win Champion Trophy 2025!,2025-03-09T04:01:01Z,18257,740,6,PT1M4S,0,1,4,No,64,1.0666666666666669,False
9hi6gH52QgU,"How BCCI became a Monopoly, Virat Kohli, Rohit and Dhoni‚Äôs secret of leadership?  ft. Gaurav Kapur",2025-03-08T15:36:07Z,668284,11488,439,PT1H43M15S,1,43,15,No,6195,103.25,False
Y0aTX36WFlg,The Prince of Kolkata : Sourav Ganguly #sauravganguly #championsleague #indiancricket,2025-03-08T15:17:51Z,175796,6279,38,PT1M14S,0,1,14,No,74,1.2333333333333334,False
gkaFPZobCWg,Yuvraj Singh‚Äôs 6 Sixes in an Over! #YuvrajSingh #SixSixes #t20worldcup #championsleague,2025-03-08T15:17:48Z,13840,629,5,PT1M15S,0,1,15,No,75,1.25,False
VQvfqR8vjW0,Indian Cricket Legends #championsleague #championstrophy2025,2025-03-08T15:11:10Z,9471,496,5,PT1M50S,0,1,50,No,110,1.8333333333333333,False
4_5Smu0YAxw,Can Amul solve India's PROTEIN CRISIS? : Business case study,2025-02-27T15:28:16Z,401346,14146,719,PT27M22S,0,27,22,No,1642,27.366666666666667,False
-vx1ork0O-c,The Secret Behind Success,2025-02-27T11:49:25Z,137569,8587,26,PT1M3S,0,1,3,No,63,1.05,False
-DBx9Ss1C-g,"What Indian Army, Mukesh Ambani,Adani and Mahindra can teach you about leadership? Capt Raghu Raman",2025-02-26T13:15:08Z,384897,9132,350,PT2H35M25S,2,35,25,No,9325,155.41666666666666,False
O8vUKmIOFjE,Why great leaders read?,2025-02-21T17:22:37Z,447225,22608,45,PT1M21S,0,1,21,No,81,1.35,False
_YiudnB46Rc,Quickest way to get success,2025-02-21T17:21:08Z,46703,3029,22,PT2M4S,0,2,4,No,124,2.066666666666667,False
WlZVe0bu_c4,Mukesh Ambani‚Äôs Leadership Secret!,2025-02-21T17:20:11Z,1225219,57754,289,PT1M57S,0,1,57,No,117,1.95,False
gSJi13cdUmY,MBA don‚Äôt teach leadership?,2025-02-21T17:19:47Z,80274,3294,28,PT1M20S,0,1,20,No,80,1.3333333333333333,False
SqM1uODJ_wg,Dark Truth about Money!,2025-02-21T17:16:53Z,359036,14989,47,PT1M27S,0,1,27,No,87,1.45,False
B-QzDmZOuik,Indian Army Motivation üî•,2025-02-19T08:54:52Z,24081,1242,25,PT1M59S,0,1,59,No,119,1.9833333333333336,False
_UWFws8Glqg,Trump‚Äôs WAR on China: Can India Turn the US-China Trade War to become a SUPERPOWER?,2025-02-13T13:00:07Z,1032154,24287,1849,PT23M31S,0,23,31,No,1411,23.516666666666666,False
a-a5kuLYtTo,"Will Reliance and Shein destroy ZARA, H&M and ZUDIO? | Business case Study",2025-02-06T12:30:07Z,918852,18343,873,PT20M35S,0,20,35,No,1235,20.583333333333332,False
qBOFexfWS4k,MODI‚Äôs MASTERSTROKE Budget 2025 Analysed in Simple words: Budget 2025 case study,2025-02-02T09:10:07Z,1133537,34492,1499,PT24M38S,0,24,38,No,1478,24.633333333333333,False
G7Jyzj1FpnU,What's the REAL Truth Behind AAP's Delhi Development Claims?,2025-01-30T15:15:07Z,340055,13064,3705,PT28M54S,0,28,54,No,1734,28.9,False
DyNO8gsuJIg,Tanker Mafia in Delhi?,2025-01-30T13:53:46Z,35019,1118,29,PT1M26S,0,1,26,No,86,1.4333333333333331,False
8NiMjjXSE78,Delhi Hospital Scam?,2025-01-30T13:51:57Z,55442,1615,43,PT1M15S,0,1,15,No,75,1.25,False
0j0weFIDWgM,Delhi Water is not Safe for Drinking?,2025-01-30T13:49:41Z,15447,564,31,PT1M10S,0,1,10,No,70,1.1666666666666667,False
ovK-Ju26gJw,Money is REAL Women Empowerment?,2025-01-30T13:46:11Z,194244,5873,255,PT1M30S,0,1,30,No,90,1.5,False
RSogF2DDpaI,Can Yamuna be cleaned?,2025-01-30T07:37:18Z,162170,3728,202,PT1M10S,0,1,10,No,70,1.1666666666666667,False
8Lhkt_9Xx9s,Kejriwal vs Think School,2025-01-24T18:21:28Z,161925,7367,233,PT1M30S,0,1,30,No,90,1.5,False
8nES01011GY,"Freebies, Water Crisis, Dirty Yamuna & Healthcare Problems Under AAP's Rule! : Delhi 2025 Elections",2025-01-24T14:25:08Z,1159699,41764,8393,PT1H37M16S,1,37,16,No,5836,97.26666666666668,False
FoQR9rLpRy8,How Elon built SPACE X and became the Richest Man on Earth?  @SpaceX,2025-01-21T12:30:08Z,1423757,35997,1425,PT24M54S,0,24,54,No,1494,24.9,False
TZ77JouLUYQ,India‚Äôs Unfair Advantage? #automobile #business,2025-01-17T14:31:15Z,645847,26770,199,PT1M18S,0,1,18,No,78,1.3,False
cxwhEqwBSxU,Truth about Zudio Revealed!,2025-01-13T13:42:04Z,55466,1950,13,PT1M27S,0,1,27,No,87,1.45,False
CCTpxFwZPFg,How Zudio and Westside conquered India‚Äôs Fashion market and made 11069 crores?  |  IBP,2025-01-13T13:34:00Z,203413,4570,107,PT1H2M6S,1,2,6,No,3726,62.1,False
uZis94azCzk,World's TOP AI Expert Shares NVIDIA Secrets! @NVIDIA,2025-01-08T12:41:31Z,24905,1730,22,PT1M40S,0,1,40,No,100,1.6666666666666667,False
sbv0CfUv2TU,India‚Äôs Rise as a Space Superpower: The Incredible Story of SpaDeX (Space Docking  Experiment),2024-12-30T17:11:47Z,896762,37005,1235,PT12M27S,0,12,27,No,747,12.45,False
Z6dwd50bNq0,The Shocking Rise of Pulse Candy: From 0 to 100 Crores? | Business Case study,2024-12-25T13:48:08Z,504064,14960,536,PT18M52S,0,18,52,No,1132,18.866666666666667,False
CyDInDZ1vAA,Protein Market Exposed!,2024-12-20T07:34:05Z,156133,6045,61,PT1M3S,0,1,3,No,63,1.05,False
nNbphew2mpU,Masterstroke or Death of Democracy: One Nation One Election EXPLAINED,2024-12-18T16:06:31Z,1366683,44767,5016,PT23M55S,0,23,55,No,1435,23.916666666666668,False
OriQPwNZ8Wo,This INDIAN makes 400cr by doing FREE heart surgeries? : Narayana Health Business case study,2024-12-14T13:15:07Z,365902,15518,504,PT21M8S,0,21,8,No,1268,21.133333333333333,False
Hagk0kbNNaM,Your Aadhaar data is Hacked?,2024-12-11T15:58:05Z,212729,11058,33,PT1M1S,0,1,1,No,61,1.0166666666666666,False
0wx0H9pInIk,"How to protect Your Accounts, Business,Laptop and Phones from getting hacked? : Cyber security Guide",2024-12-11T15:44:46Z,133452,3233,110,PT1H14M56S,1,14,56,No,4496,74.93333333333334,False
fA-7AnNeIfA,Amul's Genius marketing strategy,2024-12-07T14:47:40Z,1341786,49960,204,PT1M1S,0,1,1,No,61,1.0166666666666666,False
NGJEr4HNBRE,Amul vs Nandini,2024-12-07T14:27:48Z,128186,7046,72,PT1M1S,0,1,1,No,61,1.0166666666666666,False
Q2wkOtWH7HI,Can Amul go IPO? MSP is bad? Amul‚Äôs secret e-commerce plans decoded with Head of @amultv ? IBP EP21,2024-12-07T13:30:13Z,467898,11024,678,PT1H50M37S,1,50,37,No,6637,110.61666666666666,False
PN51tJhZscE,Is Indigo's Business Empire CRUMBLING? : Business case study,2024-11-23T13:45:08Z,1142862,24064,1035,PT14M53S,0,14,53,No,893,14.883333333333333,False
D_wV_gASkqk,Why is Maharashtra going Bankrupt?: Economic Case study,2024-11-16T15:00:07Z,643528,23014,2189,PT19M7S,0,19,7,No,1147,19.116666666666667,False
-dqpFtki2uw,Secret of Celebrity weddings!,2024-11-14T15:30:00Z,99054,4372,11,PT1M1S,0,1,1,No,61,1.0166666666666666,False
-tbJl3rrN78,"How did Manyavar become a 30,000 crore company? : Indian Business Podcast Ep 19",2024-11-14T14:03:26Z,479560,8978,302,PT2H2M8S,2,2,8,No,7328,122.13333333333334,False
TmD8t5XWPJ0,Donald Trump's SHOCKING impact on India? : Geopolitical Case study,2024-11-07T12:30:06Z,1827961,43462,1418,PT13M55S,0,13,55,No,835,13.916666666666666,False
JydbBDgG58o,Why America and Israel are Afraid of Iran? Geopolitical Case Study,2024-11-05T15:15:20Z,1865048,40939,3444,PT20M18S,0,20,18,No,1218,20.3,False
gWwNZGRCDM4,Why is India not a Nuclear Superpower ? | Geopolitical Case Study,2024-11-03T14:50:11Z,1356150,36924,1991,PT23M15S,0,23,15,No,1395,23.25,False
0DrAzdRo3RM,Is Make In India Failing? | Case study,2024-10-28T15:01:08Z,1042806,31125,4297,PT27M21S,0,27,21,No,1641,27.35,False
r4X_G9AHg8k,There's always money on the table!,2024-10-28T12:02:39Z,20718,803,2,PT1M1S,0,1,1,No,61,1.0166666666666666,False
nNP4o1wE6Vo,How can you make 1cr/year with farming? | BharatAgri Co-founders |Indian Business Podcast EP18,2024-10-24T15:02:00Z,721677,16918,801,PT1H34M9S,1,34,9,No,5649,94.15,False
bSx6hDjALkQ,What made Dhirubhai Ambani a Business Genius? | Business Case Study,2024-10-19T14:40:06Z,1083093,27646,650,PT28M10S,0,28,10,No,1690,28.166666666666668,False
xJmO3B98DlQ,How to make 40 lakhs per month with  subscription model in India? | Level supermind IBP Ep 17,2024-10-17T14:01:01Z,157228,3762,149,PT1H18M19S,1,18,19,No,4699,78.31666666666666,False
e2kDcVjEJKM,Swiggy IPO Goldmine or Disaster? Detailed Case study,2024-10-09T15:00:07Z,596140,14597,540,PT17M41S,0,17,41,No,1061,17.683333333333334,False
xTh__usZ44k,How Royal Enfield Crushed Foreign Brands?,2024-09-28T14:45:31Z,659160,22572,556,PT18M4S,0,18,4,No,1084,18.066666666666663,False
vgjkzFIq_94,Jumboking vs Mcdonald‚Äôs?,2024-09-27T05:30:25Z,95558,3210,33,PT1M1S,0,1,1,No,61,1.0166666666666666,False
U38tANUftE4,Market research Secret,2024-09-24T08:02:21Z,107505,3613,14,PT1M1S,0,1,1,No,61,1.0166666666666666,False
yF6rTIrlcwc,"Rise and Fall of Patanjali, Whats the future?: Business case study",2024-09-18T13:30:07Z,805630,16469,1472,PT25M22S,0,25,22,No,1522,25.366666666666667,False
T1PLEPTbXc4,India's Secret Weapon to counter China‚Äôs Solar Dominance? : Waaree Energies | Business Case study,2024-09-10T13:30:12Z,1014289,27698,1279,PT23M28S,0,23,28,No,1408,23.466666666666665,False
OeHVlN73aKA,How Donald Trump‚Äôs Genius marketing made him the President of USA?üá∫üá∏ : Marketing Strategy Explained,2024-08-30T14:30:12Z,797322,22166,1580,PT29M33S,0,29,33,No,1773,29.55,False
G_LdttkVQmI,How Nike Lost $27 billion in one day? : Direct-to- Consumer Business case study,2024-08-27T13:30:12Z,569374,16398,490,PT22M59S,0,22,59,No,1379,22.983333333333334,False
wqxR8Uh3D5o,Can India become the 3rd largest Economy?,2024-08-25T13:54:10Z,77226,3011,85,PT1M1S,0,1,1,No,61,1.0166666666666666,False
3Lgf2WHstBY,How will Modi govt fix India‚Äôs problems? : ft. Sanjeev Sanyal | Indian Business Podcast EP13,2024-08-23T15:30:07Z,1229472,21899,2320,PT1H11M18S,1,11,18,No,4278,71.3,False
GQPymbqa08A,The Rise and Fall of Old Monk | Business Case Study,2024-08-19T14:00:29Z,1095154,25924,1493,PT19M31S,0,19,31,No,1171,19.516666666666666,False
tykAc024_8o,Is this the end of Adani? Decoding SEBI's response to Hindenburg (Business case study),2024-08-17T15:30:07Z,788470,20833,1909,PT15M50S,0,15,50,No,950,15.833333333333334,False
Ctolh4idTbc,Power of Autonomy: How  it can help produce amazing results?,2024-08-14T09:33:33Z,27015,1170,6,PT1M1S,0,1,1,No,61,1.0166666666666666,False
CA-qqh5_g0c,Odoo vs Zoho vs Microsoft : Building Odoo into a 433 million dollar company? :  IBP EP12,2024-08-12T11:30:08Z,243374,5212,247,PT1H16M57S,1,16,57,No,4617,76.95,False
qZXYj4G4vzg,How hosting 2036 Olympics will ruin India? | Economic Case study,2024-08-07T15:30:07Z,931992,24921,2484,PT19M44S,0,19,44,No,1184,19.733333333333334,False
Fcammw5Dh2Y,Why UK üá¨üáß is going Bankrupt? : Detailed Economic Case Study,2024-08-03T14:30:07Z,1991305,51641,4054,PT20M37S,0,20,37,No,1237,20.616666666666667,False
s1sv7iFDdxY,Can Meesho's Business strategy beat Amazon? | Business Case Study,2024-07-29T12:30:07Z,653128,18385,652,PT27M11S,0,27,11,No,1631,27.183333333333337,False
3EmuERXoVfQ,Beerbiceps 0 to 100 cr journey @BeerBiceps !,2024-07-29T12:13:47Z,91473,3338,28,PT1M1S,0,1,1,No,61,1.0166666666666666,False
2PUiopS8GrQ,How BeerBiceps became a 100 crores Media Giant?  | Indian Business Podcast : Episode 11,2024-07-27T13:00:08Z,1088425,21273,1317,PT2H22M23S,2,22,23,No,8543,142.38333333333333,False
_SAtdVsQgwY,Budget 2024 : Biggest Mistake or a Masterstroke by the Modi govt? | Complete analysis,2024-07-25T15:31:12Z,1160765,33617,4320,PT29M38S,0,29,38,No,1778,29.633333333333333,False
jLSWPNPSoFs,Was the Ambani Wedding a Genius strategy or just a Show of Extravagance? : Marketing Case study,2024-07-18T15:00:12Z,1547011,49730,3987,PT25M10S,0,25,10,No,1510,25.166666666666668,False
CaM10wZT4p0,Why is Ferrari the greatest car in the world ? | Documentary on Enzo Ferrari,2024-07-16T14:00:06Z,405443,14306,367,PT25M19S,0,25,19,No,1519,25.316666666666663,False
Osj5BaAfj84,Can Modi 3.0 beat Germany? : Indian economic case study,2024-07-10T13:30:09Z,905641,32420,3095,PT29M10S,0,29,10,No,1750,29.166666666666668,False
BnLN8SgLAXY,Did Modi really kill black money in India? : Economic case study,2024-07-07T15:00:12Z,2247465,59798,4898,PT27M40S,0,27,40,No,1660,27.666666666666668,False
wwWYtEQZvoU,Hyundai IPO decoded in simple words :Business case study,2024-07-05T11:45:06Z,364171,10943,439,PT27M25S,0,27,25,No,1645,27.416666666666668,False
RBhy8TvWq3k,How a Poor boy became a Billionaire by selling bags? : Louis Vuitton Business case study,2024-06-26T14:45:08Z,766367,37044,517,PT23M22S,0,23,22,No,1402,23.366666666666667,False
cYgufa8c14A,GOLD prices are rising. Is it KILLING the US Dollar ? : Geopolitical Case Study,2024-06-18T14:00:08Z,1572632,38776,1327,PT24M53S,0,24,53,No,1493,24.883333333333333,False
fPsvjCjvC6Q,How BJP‚Äôs Genius marketing strategy turned it into a political superpower in India? : Case study,2024-06-05T15:30:08Z,1347043,42338,4066,PT37M5S,0,37,5,No,2225,37.083333333333336,False
AnOqz5TsumU,How MBAs failed Boeing ? : Business Case study,2024-06-03T13:00:08Z,1322745,35081,1763,PT27M52S,0,27,52,No,1672,27.866666666666667,False
TdQ2UD-U9rQ,"@-RiteshAgarwal  discusses SECRET Business Strategies, OYO Bankruptcy and Peter Thiel on IBP Ep 9",2024-05-30T13:15:09Z,862372,10852,407,PT1H54M50S,1,54,50,No,6890,114.83333333333331,False
OGs2YsqvWDg,Blinkit‚Äôs Genius Strategy that stunned Amazon | Business Case Study,2024-05-24T13:00:08Z,2499003,61008,2081,PT28M7S,0,28,7,No,1687,28.116666666666667,False
Ayy-__ghfUI,How Jaishankar made India powerful using India Middle east corridor? : Geopolitical Case Study,2024-05-20T14:00:08Z,1717706,52822,1951,PT18M24S,0,18,24,No,1104,18.4,False
uKO8tk3_itQ,"FM opens up on North vs South, Congress,GST, IncomeTax & India‚Äôs Economy| IBP Episode 8",2024-05-19T12:00:08Z,3558846,65010,4961,PT1H1M48S,1,1,48,No,3708,61.8,False
AvgXbmlg-j8,Ex-Congress MP Milind Deora Reveals why Modi‚Äôs Vision is the way to go for INDIA? IBP Episode 7,2024-05-14T12:30:08Z,449110,10970,1353,PT1H13M2S,1,13,2,No,4382,73.03333333333333,False
bQMG4fJZiAk,Why Congress is giving Freebies& MSP? How did Kerala's Crisis happen? ft Dr. Shashi Tharoor: IBP Ep6,2024-05-10T08:30:08Z,755767,23902,4988,PT59M55S,0,59,55,No,3595,59.916666666666664,False
fQCKKkEJxtQ,How did BJP become a Political Superpower? | ft. Shantanu Gupta : Indian Business Podcast| Episode 5,2024-05-06T08:30:06Z,950665,19272,1919,PT1H51M28S,1,51,28,No,6688,111.46666666666668,False
dKaklg_-Zu8,What is BJP promising in 2024 elections? : BJP Manifesto Explained in Detail,2024-05-01T12:00:08Z,1039550,36745,4707,PT26M32S,0,26,32,No,1592,26.533333333333335,False
Dq_lv8G3KmE,Understanding the gaps in the STUDY ABROAD MARKET?,2024-04-26T12:30:08Z,606155,19517,1192,PT19M27S,0,19,27,No,1167,19.45,False
3SnOmNwqgLc,How to put a business on autopilot? : ft. Amit Jain of Car Dekho: IBP Ep 4,2024-04-22T15:00:07Z,363092,6795,396,PT1H38M9S,1,38,9,No,5889,98.15,False
FK7Chd_XNwU,From Poverty to 3300 crores. How Dr.Velumani built Thyrocare? | Dr Velumani |IBP Episode 3,2024-04-15T03:30:05Z,1064850,24161,916,PT2H1M8S,2,1,8,No,7268,121.13333333333334,False
Hur59sjE5wo,Where has BJP failed during the Modi Era? : Decoding the ‚ÄúBLACK PAPER‚Äù of the Indian Economy,2024-04-12T11:00:07Z,1112549,47318,7382,PT19M31S,0,19,31,No,1171,19.516666666666666,False
Q073TTZx7aM,Did Russia win the war against US & EU? Economic Case Study,2024-04-09T14:00:07Z,778399,25294,2248,PT23M30S,0,23,30,No,1410,23.5,False
iqs1qw80rUs,Can India beat China in the Energy race? : Detailed Case Study,2024-03-31T14:30:07Z,661849,23366,1269,PT18M35S,0,18,35,No,1115,18.583333333333332,False
j7u7AErcYB8,Why is Kerala Falling Into an ECONOMIC crisis? Why did Supreme Court intervene? Explained in Detail,2024-03-29T14:00:07Z,1344138,46280,8822,PT17M14S,0,17,14,No,1034,17.233333333333334,False
ba9TJFBdFQ8,"Nitin Gadkari breaks his Silence on Electoral Bonds, Farmer protest & his Vision for India: IBP Ep 2",2024-03-28T13:30:08Z,1151273,40488,4067,PT1H8M8S,1,8,8,No,4088,68.13333333333334,False
OBY2L3fUP1A,How IBC changed Indian Banking Forever saving 3 Lakh Crores ? : Economic Case Study,2024-03-26T14:39:07Z,521339,18461,797,PT19M18S,0,19,18,No,1158,19.3,False
Z2uCmS3qgpo,Why is Bajaj betting on CNG while everyone else is focused on EVs?: Business Case Study,2024-03-22T13:30:07Z,698551,18873,1096,PT16M50S,0,16,50,No,1010,16.833333333333332,False
_NTh5l9HJBY,Electoral Bonds : Biggest scam in Indian History? : Explained in 15 mins,2024-03-18T14:00:06Z,763896,32745,3415,PT16M57S,0,16,57,No,1017,16.95,False
ijUZnhYv8CQ,How JIO‚Äôs Masterplan Beat Disney & became the King of Indian OTT? | Business Case Study,2024-03-14T14:00:07Z,562574,19034,881,PT24M8S,0,24,8,No,1448,24.133333333333333,False
TXaRvGshcM8,How Did Adani Group Bounce-back from the Hindenburg Fiasco? Detailed Business Case Study,2024-03-11T14:30:07Z,524175,20026,964,PT21M50S,0,21,50,No,1310,21.833333333333332,False
hjVama9Id8M,Can MODI‚Äôs GOLDEN TEAM hit the 10 Trillion dollars GDP dream for India? : Economic Case Study,2024-03-06T14:30:10Z,1282580,41609,3868,PT23M48S,0,23,48,No,1428,23.8,False
AuDbtP_iCJ8,Aam Aadmi Party Honest Report Card : Did they really change Delhi? : Political Case study,2024-03-03T13:15:16Z,533727,20670,3365,PT21M53S,0,21,53,No,1313,21.883333333333333,False
BanDS5A-hLU,Guide to make your product addictive : Duolingo Business Case Study,2024-02-29T13:30:10Z,323036,11579,459,PT21M41S,0,21,41,No,1301,21.683333333333337,False
Snx57b5p5VU,Are Farmer demands BASELESS or is the govt exploiting the farmers? : MSP Economic Case Study,2024-02-26T15:00:07Z,626216,29387,3552,PT19M3S,0,19,3,No,1143,19.05,False
gaJR-aMqAnY,How RBI saved India from a Banking Crisis? : Economic Case Study,2024-02-23T12:30:10Z,837635,29403,1693,PT15M21S,0,15,21,No,921,15.35,False
CnaFfKV625c,"Shark Tank Investments & Pitching ft. Ritesh, Radhika and Vineeta | Indian Business Podcast | Ep 1",2024-02-19T13:30:30Z,636152,16035,524,PT55M40S,0,55,40,No,3340,55.666666666666664,False
iUF-Wh1Iu7w,Decoding the WHITE PAPER of the Indian economy? : Economic case study,2024-02-16T14:30:10Z,1025956,42560,6657,PT25M23S,0,25,23,No,1523,25.383333333333333,False
AZf9bOKjzv4,How KEJRIWAL‚Äôs GENIUS strategy beat BJP & Congress & made him the KING of Delhi? : Case study,2024-02-15T14:30:11Z,553839,19236,2216,PT21M33S,0,21,33,No,1293,21.55,False
7JXkKVA5RAA,Will Paytm CRASH or Make a COMEBACK? Why is RBI hitting Paytm? :Business case study,2024-02-05T14:00:11Z,1179601,37336,1085,PT15M30S,0,15,30,No,930,15.5,False
ow5LxMPuRz0,Why India has a POOR CREDIT RATING Despite being the fastest growing ECONOMY? : Detailed CaseStudy,2024-02-02T14:00:11Z,842612,37363,1971,PT19M1S,0,19,1,No,1141,19.016666666666666,False
-98fnc4VAo8,How A Poor Boy Built A 2000Cr Dairy Company And Beat Giants: Business Case Study,2024-01-28T14:00:09Z,1385449,41631,1461,PT21M28S,0,21,28,No,1288,21.466666666666665,False
HtUiNw8K3XE,What is the HIDDEN SECRET behind the Iran-Pakistan Conflict : Geopolitical Case Study,2024-01-23T15:30:08Z,930508,29627,1166,PT17M11S,0,17,11,No,1031,17.183333333333334,False
eCoOsDrbics,Why Gujarat‚Äôs Gift City is a GAME CHANGER for INDIA? : Economic Case Study,2024-01-19T13:30:07Z,2004732,52734,3102,PT21M53S,0,21,53,No,1313,21.883333333333333,False
e58amA-TqiM,The Honest BJP Report Card (Analysed with Stats): Were the Promises Fulfilled?,2024-01-16T15:00:09Z,1712813,69835,8093,PT26M36S,0,26,36,No,1596,26.6,False
b9rLMlN5QnU,The Genius Strategy of Coca Cola to beat Pepsi | Business War: PEPSI VS COCA COLA,2024-01-07T15:34:11Z,599338,19290,354,PT15M36S,0,15,36,No,936,15.6,False
zQx5yJsIBWo,OLA Electric: Is there any future in India?,2024-01-05T14:39:10Z,748858,21114,814,PT25M34S,0,25,34,No,1534,25.566666666666663,False
nqqPFXv8pAk,How the Red Sea War will affect the Indian Economy? EXPLAINED IN 8 mins,2023-12-30T14:30:07Z,977566,28148,622,PT13M44S,0,13,44,No,824,13.733333333333333,False
wm86VOSf3rc,Is Gujarat model a Miracle or a Disaster? : Indian Governance case study,2023-12-24T15:30:11Z,859891,33592,2737,PT20M55S,0,20,55,No,1255,20.916666666666668,False
s8NWNIGObjU,What's happening to BYJU'S? : Business Case Study,2023-12-21T14:30:08Z,1122996,29105,970,PT20M36S,0,20,36,No,1236,20.6,False
fubBvMdSWjE,Can Google Gemini beat ChatGPT? : Google vs Microsoft Business case study,2023-12-15T16:00:09Z,782263,24550,793,PT18M55S,0,18,55,No,1135,18.916666666666668,False
pQfUPjo2RQs,Was Abrogation of Article 370 good for India?üáÆüá≥ : Political Case Study,2023-12-14T15:10:06Z,995121,31870,1152,PT16M29S,0,16,29,No,989,16.483333333333334,False
0QWC_N6Hi5s,Is India Winning or Losing the Electric War?: Business Case Study,2023-11-30T14:30:11Z,1000484,28739,1613,PT24M35S,0,24,35,No,1475,24.583333333333332,False
QP20QMad1eE,How WeWork's SHOCKING Mistake made it go BANKRUPT from 47 Billion dollars? : Business Documentary,2023-11-20T14:00:11Z,530779,18810,438,PT22M56S,0,22,56,No,1376,22.933333333333337,False
_2-JIfqStOc,How Adani‚Äôs Genius strategy of Transhipment Port is making India powerful? : Business Case Study,2023-11-17T14:00:08Z,636446,28255,1480,PT14M16S,0,14,16,No,856,14.266666666666667,False
ocdFuuAaApE,What India needs to learn from Turkiye's economic crisis? : Economic case study,2023-11-08T14:46:11Z,947899,28028,1791,PT18M27S,0,18,27,No,1107,18.45,False
J-V7wR4YPOw,This Secret B2b Company Makes 400 Crores Per Year By Helping Zomato And Uber: Business Case Study,2023-11-03T15:00:10Z,463324,16949,363,PT19M54S,0,19,54,No,1194,19.9,False
0DlSRxEq0W4,Why is India going against MALDIVES? Secret to PM Modi‚Äôs Lakshwadeep Visit? : Case study,2023-10-31T13:30:14Z,647592,18009,883,PT12M23S,0,12,23,No,743,12.383333333333333,False
A8jyW_6hCGU,How Taylor Swift Became A Billionaire ? The Music Industry Business case study,2023-10-23T14:30:07Z,684347,33934,1631,PT17M31S,0,17,31,No,1051,17.516666666666666,False
cT93a0ENcqg,How Israel-Palestine War could Shake the World Economy? : Geopolitical case study,2023-10-11T16:00:08Z,1591624,38481,2526,PT16M48S,0,16,48,No,1008,16.8,False
7WcCeymKCq4,Can Nitin Gadkari fix the Highway crisis of India? : Economic Case study,2023-10-09T15:30:07Z,818218,22495,1823,PT15M53S,0,15,53,No,953,15.883333333333333,False
qJleik1x5k0,Karnataka vs Tamil Nadu : India's longest water dispute explained in 15 mins.,2023-10-06T14:30:11Z,690930,24591,1927,PT16M16S,0,16,16,No,976,16.266666666666666,False
ddBooxrxp10,Why is Canada's Fight with India a Big Money Problem? No One's Talking About This!,2023-09-29T11:30:10Z,822564,25300,1027,PT14M24S,0,14,24,No,864,14.4,False
GMGGQZ9vmb0,Can football save Saudi Arabia from an economic crisis? : Geopolitical Case Study,2023-09-23T13:06:12Z,906189,24594,1246,PT20M58S,0,20,58,No,1258,20.966666666666665,False
XROJVbaU2qo,India‚Äôs Airforce and Army will be reinforced by this amazing tunnel in Kashmir! #geopolitics #india,2023-09-18T06:35:41Z,1325380,69331,515,PT1M1S,0,1,1,No,61,1.0166666666666666,False
SfiD81EdbMs,Why is Indian Logistics failing against China? : Logistics case study,2023-09-17T13:00:08Z,1360919,49059,3744,PT15M50S,0,15,50,No,950,15.833333333333334,False
XYOZ4RzrHW0,Airtel will beat JIO? What no one is Telling you about the Jio vs Airtel vs Tata Telecom Wars!,2023-09-08T14:30:11Z,1576777,41951,2470,PT19M20S,0,19,20,No,1160,19.333333333333332,False
1WYWwE4Axd8,Russia vs USA vs India : SPACE WARS,2023-08-25T15:15:10Z,740768,29153,733,PT15M24S,0,15,24,No,924,15.4,False
KYFdxuLFVyQ,Why is the Indian Economy bleeding talent? Socio-economic case study,2023-08-20T14:30:07Z,844026,32244,3390,PT20M27S,0,20,27,No,1227,20.45,False
cftToIr9sAo,How EMIRATES is WINNING when Other AIRLINES are going BANKRUPT?,2023-08-15T12:45:11Z,1499031,38846,759,PT19M41S,0,19,41,No,1181,19.683333333333337,False
qQPRWA9JNNQ,This SECRET Brand is KILLING Nike and Adidas in India? | Decathlon Business Case Study,2023-08-11T14:30:07Z,848135,29181,780,PT17M18S,0,17,18,No,1038,17.3,False
Vx4hyGpzVyI,How did INDIA Take Control of The DIAMOND INDUSTRY of the World? | Business Case Study,2023-08-04T14:35:07Z,647374,22408,951,PT20M55S,0,20,55,No,1255,20.916666666666668,False
i7Dwe2qm__M,What's wrong with Indian Rupee? | Geopolitical case study,2023-08-01T15:30:11Z,925372,26311,1549,PT13M15S,0,13,15,No,795,13.25,False
yzDF_KX4Zjg,How Masters union is building a Harvard for India? : Business case study,2023-07-24T14:30:08Z,766888,25075,1317,PT22M59S,0,22,59,No,1379,22.983333333333334,False
uZm1au4W7tA,How did Dr Velumani turn Thyrocare into a 3000 crore company? : Thyrocare case study,2023-07-19T15:00:11Z,524321,15444,479,PT20M55S,0,20,55,No,1255,20.916666666666668,False
31rAi_XvyNU,Ambani is WINNING this Industry SECRETLY!,2023-07-14T15:30:08Z,1121661,28242,1072,PT22M24S,0,22,24,No,1344,22.4,False
n60GZmfFde8,This Indian Brand is ruling the Wine market of India? :Sula wines case study,2023-07-02T12:30:11Z,1139912,31876,650,PT15M58S,0,15,58,No,958,15.966666666666669,False
HAsBtOjGOYQ,Building a MILLION DOLLAR Global Brand from Madhya Pradesh: How?,2023-06-28T14:30:08Z,840824,30804,811,PT20M18S,0,20,18,No,1218,20.3,False
fLXsf4SWdsI,The New GAME Changer technology for India: REVEALED!,2023-06-21T14:30:10Z,1444827,44024,1598,PT19M2S,0,19,2,No,1142,19.033333333333335,False
fkgJFRHS26g,The SECRET Superpower of India they HIDE from you!,2023-06-17T14:30:12Z,2337218,52572,2602,PT20M13S,0,20,13,No,1213,20.216666666666665,False
le_o1UklXUs,What's wrong with Chinese Economy?,2023-06-08T14:30:11Z,1049327,29515,1048,PT18M5S,0,18,5,No,1085,18.083333333333332,False
qapDyBW_S-w,Economic CRISIS in America: Big Signal for India?,2023-06-02T14:30:10Z,1652164,40924,1986,PT20M17S,0,20,17,No,1217,20.283333333333335,False
cjhlcIOgUy4,How Bangalore became the SILICON valley of Asia? | Business case study,2023-05-18T14:30:12Z,1093982,34155,2306,PT17M49S,0,17,49,No,1069,17.816666666666666,False
hOX0YQXTc_E,Why Gofirst Bankruptcy is a GENIUS business strategy? | Business Case Study ‚Äã‚Å†,2023-05-13T14:00:09Z,896363,27499,808,PT17M28S,0,17,28,No,1048,17.466666666666665,False
098cgN5PH0s,Has BJP Failed Karnataka? | Karnataka Model Case study,2023-05-07T15:00:07Z,1369103,44131,5439,PT20M11S,0,20,11,No,1211,20.183333333333337,False
tfIJd7hwIv0,Steve Jobs‚Äô Secret Design Strategy for Apple Stores EXPLAINED @ThinkSchool,2023-05-04T14:18:25Z,874992,39383,335,PT1M1S,0,1,1,No,61,1.0166666666666666,False
VzUmLAUPSQo,How AI will KILL Indian businesses? : Business case study,2023-04-27T15:00:10Z,1272614,39742,1868,PT19M25S,0,19,25,No,1165,19.416666666666668,False
BlDYS_2X5wI,How Ratan TATA‚Äôs GENIUS strategy is turning TATA Tech into a LEGEND? : Tata technologies case study,2023-04-09T14:30:09Z,1085480,34639,767,PT17M26S,0,17,26,No,1046,17.433333333333334,False
0PluOhrvB3A,How USA‚Äôs evil MONEY PRINTING strategy is killing the world economy?,2023-04-04T14:00:09Z,1839412,48779,2678,PT18M30S,0,18,30,No,1110,18.5,False
kyCopA4K41w,How did Credit Suisse fail so fast? What can Indians learn from this Economic case study?,2023-03-27T13:30:08Z,620896,22602,861,PT19M29S,0,19,29,No,1169,19.483333333333334,False
Vh8FaokLWus,How INDIAN SUPER CROP MILLETS can make Indian farmers RICH? : Millets ft @digvijaylifestyle,2023-03-22T12:30:08Z,614939,27570,1682,PT21M33S,0,21,33,No,1293,21.55,False
wO7copUXogI,How did Silicon Valley Bank fail? : Business case study,2023-03-15T15:00:09Z,1026596,35712,1494,PT23M50S,0,23,50,No,1430,23.833333333333332,False
YWara0eQsDk,How Putin‚Äôs Genius STRATEGY is making RUSSIA SUPER-POWERFUL? : Geopolitics Case study,2023-03-09T14:30:08Z,1723106,45028,2791,PT19M27S,0,19,27,No,1167,19.45,False
7TcG9cPj2gA,How Paytm is secretly KILLING Phonepe and Bharatpe? : Detailed Business CaseStudy,2023-03-05T15:00:09Z,1078089,35174,1525,PT20M7S,0,20,7,No,1207,20.116666666666667,False
EZkZe-BuXf8,How Lithium Ore discovery in J&K will be a game changer for India? : Can India Replace China?,2023-02-24T14:00:10Z,1123230,40168,1363,PT15M57S,0,15,57,No,957,15.95,False
WD2nz_IKyJM,How India fooled America and Pakistan to become a NUCLEAR POWER? : Geopolitical case study,2023-02-21T14:30:11Z,3270175,77729,3611,PT21M8S,0,21,8,No,1268,21.133333333333333,False
KDsGPYETAd4,How Sikkim‚Äôs GENIUS strategy turned it into the fastest growing state in India?: Case Study,2023-02-19T14:00:09Z,984346,40385,2186,PT20M15S,0,20,15,No,1215,20.25,False
2nIRHB3FtOc,How Vajpayee‚Äôs MASTERSTROKE saved the Indian economy? : National Pension Scheme case study,2023-02-16T14:00:08Z,957847,37165,3903,PT15M21S,0,15,21,No,921,15.35,False
IIv7SNc3Ass,What's happening in North East India?,2023-02-14T12:30:10Z,1237128,44777,2295,PT15M47S,0,15,47,No,947,15.783333333333331,False
iw5AdKOM-IU,Budget 2023 EXPLAINED in 20 mins in SIMPLE WORDS : Economic case study,2023-02-08T15:00:10Z,929413,42102,1570,PT25M56S,0,25,56,No,1556,25.933333333333337,False
4WSAeT_XDaI,Hindenburg has Killed Adani Group?: Decoding Adani‚Äôs response to Hindenburg (Business case study),2023-02-04T15:00:11Z,2142300,73811,6251,PT27M40S,0,27,40,No,1660,27.666666666666668,False
wO28dHUQusU,How Adani's Genius strategy made him the KING of Indian ports market? : Business case study,2023-01-30T14:00:10Z,728071,31812,2186,PT12M22S,0,12,22,No,742,12.366666666666667,False
laeodkCLGaI,How Saudi Arabia is HIDING its own Downfall? :Geopolitics Case Study,2023-01-28T14:30:07Z,2783832,54617,3847,PT19M3S,0,19,3,No,1143,19.05,False
HC5-z8kNC4c,How to Sell Anything in India? Cycle Pure Agarbatti Detailed Business Case Study,2023-01-24T12:48:46Z,684071,30275,767,PT20M4S,0,20,4,No,1204,20.066666666666663,False
r7JPdtYx4sg,Why RBI and Modi govt are failing to control inflation? : Indian Economics Case study,2023-01-19T14:30:10Z,735048,35606,1981,PT17M40S,0,17,40,No,1060,17.666666666666668,False
JvNUTGivuxg,Why Taliban is Capturing Pakistan? What it means for India? : Geopolitics Case Study,2023-01-12T14:00:08Z,1488426,54487,3502,PT22M27S,0,22,27,No,1347,22.45,False
QRGO9wvNPQc,How Nykaa‚Äôs Genius Financial Strategy Backfired? : Nykaa Business case study,2023-01-07T14:30:09Z,1992799,49355,1562,PT19M48S,0,19,48,No,1188,19.8,False
Ko3K8Duq4Eo,The Oil war between Russia vs USA and Europe Explained | How will it change India? : Geopolitics,2023-01-03T14:00:08Z,1820788,64306,2747,PT17M21S,0,17,21,No,1041,17.35,False
bpjKmJnRPV8,How Tamil Nadu's Socio-Economic Model Made it the 2nd Richest State in INDIA (GDP) : Case study,2022-12-25T14:30:11Z,1881965,57680,8030,PT20M41S,0,20,41,No,1241,20.683333333333337,False
PPsqTl5o3VQ,Pakistan Civil War: Will this mark the END of Pakistan? : Geopolitical Case Study,2022-12-23T14:45:09Z,1636232,57698,5379,PT20M57S,0,20,57,No,1257,20.95,False
OKQDst5GUc0,The Death of BNPL (Buy Now Pay Later) Startups? : Multipl Business Case Study,2022-12-16T13:30:11Z,621256,24549,1182,PT14M5S,0,14,5,No,845,14.083333333333334,False
7UdCt_Rsevk,How did China go from POVERTY to becoming a GLOBAL SUPERPOWER? : China Growth case study,2022-12-09T14:35:10Z,1325538,40689,6034,PT16M53S,0,16,53,No,1013,16.883333333333333,False
zawAVCpQNgg,BJP's Governance Analysis of Gujarat : Gujarat model case study,2022-12-02T14:30:06Z,1164201,50043,6108,PT22M4S,0,22,4,No,1324,22.066666666666663,False
ynVikeFUvW8,How Qatar is using secret strategy to rise in POWER : Qatar World cup Case study,2022-12-01T13:30:10Z,1222179,36136,3253,PT18M41S,0,18,41,No,1121,18.683333333333337,False
rfZ7u-ecfEg,How Saudi Arabia Joining BRICS can shift the world power? : USA vs Saudi Arabia Explained.,2022-11-25T14:45:08Z,3109421,67362,3835,PT16M40S,0,16,40,No,1000,16.666666666666668,False
ycLO5Oa5ZI8,Why Telecom Draft Bill 2022 is a disaster in the making? : Telecom draft bill 2022 Case study,2022-11-18T14:30:07Z,668701,30136,2457,PT12M9S,0,12,9,No,729,12.15,False
1qEZwj_Iacw,What is India's SECRET strategy to build the BEST HEALTHCARE network in the world ? : UHI Case study,2022-11-16T14:00:10Z,728873,31670,2408,PT14M58S,0,14,58,No,898,14.966666666666669,False
3Oo9tEo6F6g,America's EVIL Masterplan!,2022-11-12T14:30:08Z,1093206,37195,2496,PT17M30S,0,17,30,No,1050,17.5,False
07yMvq5WxAs,Can RBI's Digital Rupee Initiative help INDIA beat the USA‚Äôs SWIFT Network Dominance?,2022-11-05T14:00:10Z,1183584,37694,1633,PT17M35S,0,17,35,No,1055,17.583333333333332,False
GzXurOLwXMY,How USA's evil strategy KILLED Japan's economy? : Japan's economic crisis EXPLAINED in simple words,2022-11-01T14:30:09Z,1122503,37795,1951,PT18M16S,0,18,16,No,1096,18.266666666666666,False
mDRom6ahzsA,How Germany's SUBSIDY WAR is BREAKING the European Union and helping Russia? : Economic case study,2022-10-29T14:30:08Z,2356603,56317,3974,PT15M32S,0,15,32,No,932,15.533333333333331,False
ALmSPw2EKjg,How Yogi Adityanath's STRATEGY is turning Uttar Pradesh into a Mega Export Hub? :Business Case study,2022-10-25T14:30:07Z,1775455,82547,6240,PT16M29S,0,16,29,No,989,16.483333333333334,False
py0cfqlhTp8,How GATI SHAKTI MASTERPLAN will help India SNATCH factories from China? : Logistics Infra case study,2022-10-22T14:30:07Z,1096464,38329,1606,PT15M16S,0,15,16,No,916,15.266666666666667,False
akZ2R4RDDpY,How GST has CHANGED/ MESSED UP the Indian Economy?: Economic Case Study,2022-10-19T13:30:10Z,569711,24267,965,PT16M50S,0,16,50,No,1010,16.833333333333332,False
aGVtLubW9q0,How Saudi Arabia & Russia are crushing the US and UK economies? : Saudi Arabia vs USA,2022-10-14T14:30:18Z,5126990,96215,7496,PT17M37S,0,17,37,No,1057,17.616666666666667,False
7lqGQ17A2c4,How Adani Vs Reliance Vs Airtel's 5G Race shape the future of India? : 5G Business case study,2022-10-11T14:30:10Z,579774,28909,1190,PT17M19S,0,17,19,No,1039,17.316666666666666,False
cXFn7FBgktA,Why is Europe facing a BANKING CRISIS like 2008? : Credit Suisse Crisis Business case study,2022-10-07T14:30:11Z,1587978,58188,1975,PT15M31S,0,15,31,No,931,15.516666666666667,False
OqKu8Lxnzro,How UK committed Suicide with its Economy?: UK economic crisis Explained in simple words,2022-10-04T14:30:10Z,4039237,94643,7813,PT18M34S,0,18,34,No,1114,18.566666666666663,False
HofmLFn6MTo,How US Recession will Shake the INDIAN ECONOMY? : Economic case study,2022-10-01T14:30:11Z,1724270,58007,1677,PT17M48S,0,17,48,No,1068,17.8,False
ec9Nwka9kBg,How did Israel become SUPER POWERFUL & What India needs to learn from it? : Geopolitical Case study,2022-09-27T14:30:11Z,1807428,76573,3987,PT18M21S,0,18,21,No,1101,18.35,False
M9bhCVqGaOI,How NATIONAL LOGISTICS POLICY will be a GAME CHANGER for Indian Economy? : Business case study,2022-09-23T14:30:13Z,2150870,76524,2741,PT17M45S,0,17,45,No,1065,17.75,False
tTlwfnZAdQk,Why is China taking over Indian BORDERS and what is INDIA doing? : Geopolitical case study,2022-09-16T15:00:11Z,1755347,58383,3312,PT16M34S,0,16,34,No,994,16.566666666666666,False
r7x_Xa0b5nk,How RAPIDO is secretly STEALING OLA and UBER's profits to break the duopoly? : Business Case study,2022-09-13T14:30:10Z,727147,26430,703,PT13M51S,0,13,51,No,831,13.85,False
ST53gYEX_nY,What Schools don‚Äôt teach you about Chhatrapati Shivaji Maharaj? : Case study,2022-09-10T12:30:10Z,823633,41960,2772,PT14M23S,0,14,23,No,863,14.383333333333333,False
asntNnmjyDI,How America's Strategy built the GREATEST ARMY mankind has ever seen? : Geopolitical case study,2022-09-02T14:30:12Z,1749386,42515,3864,PT13M25S,0,13,25,No,805,13.416666666666666,False
t8FunWBwmqg,How Russia-China's ECONOMIC STRATEGY is CRUSHING the DOLLAR? : CURRENCY WARS Case study Ep 2,2022-08-30T14:00:13Z,3505385,81485,4958,PT16M44S,0,16,44,No,1004,16.733333333333334,False
OO_t9KhVg0U,How China‚Äôs SPY SHIP STRATEGY  is Killing India‚Äôs Security? : Geopolitics Casestudy,2022-08-27T13:00:16Z,650665,26677,1337,PT12M35S,0,12,35,No,755,12.583333333333334,False
hrcuXm9H5VI,How TALIBAN's WAR STRATEGY defeated the US Army in Afghanistan? : Geopolitical case study,2022-08-24T14:30:14Z,704435,36137,1869,PT19M2S,0,19,2,No,1142,19.033333333333335,False
-dQwiYE51sU,Why INDIA is scared about ISRAEL-PALESTINE conflict? : ISRAEL-PALESTINE EXPLAINED,2022-08-19T14:30:10Z,2698069,63182,3501,PT17M23S,0,17,23,No,1043,17.383333333333333,False
22NDH6OTCpU,DECODING China's WAR STRATEGY to invade Taiwan against USA & Japanese Army?: Geopolitical Case study,2022-08-16T14:30:13Z,853671,34264,1823,PT14M32S,0,14,32,No,872,14.533333333333331,False
Rp5QLemo6E8,What Schools DONT teach you about HOW Sardar Patel Unified Kashmir & Hyderabad? : Case study,2022-08-13T12:30:11Z,1034147,54263,2454,PT15M15S,0,15,15,No,915,15.25,False
-MB6FdKyJmg,How Zepto/Dunzo's BUSINESS STRATEGY is CRUSHING Dmart and Reliance? : Retail Business War EXPLAINED,2022-08-09T14:00:09Z,908106,30648,987,PT14M37S,0,14,37,No,877,14.616666666666667,False
cW6_C7mqQYY,How America's STRATEGY made US DOLLAR the MOST POWERFUL CURRENCY in the WORLD? : Case study,2022-08-05T14:30:11Z,1070896,43549,1710,PT16M53S,0,16,53,No,1013,16.883333333333333,False
tgFEFEOisAI,Why US-China are preparing for WAR over Taiwan? : Geopolitical Case study (Recap Episode),2022-08-02T14:00:11Z,1288687,52337,2504,PT13M26S,0,13,26,No,806,13.433333333333334,False
IBbz8sjVz6I,How Putin's WAR STRATEGY is KILLING Europe and US? : War Strategy Case study ( Russia vs Europe),2022-07-29T14:00:16Z,2960679,100665,7799,PT15M15S,0,15,15,No,915,15.25,False
FxiZRYJTEo0,What India needs to learn from the Chinese Economic Crisis? : Chinese Evergrande Crisis,2022-07-26T14:30:11Z,1826000,66310,2583,PT14M56S,0,14,56,No,896,14.933333333333334,False
RJRYLrkvOyA,How ADANI's Genius/RISKY DEBT STRATEGY fuelled the SUPERFAST expansion of ADANI Group? : Case study,2022-07-23T12:30:11Z,1456393,46048,2522,PT13M15S,0,13,15,No,795,13.25,False
WP0X1R_z7yI,How Ratan TATA's GENIUS STRATEGY is racing it past Hyundai & Suzuki in India? : Business Case study,2022-07-19T14:30:13Z,1390839,45694,1393,PT13M34S,0,13,34,No,814,13.566666666666666,False
icjoSeNEOx0,How RBI's STRATEGY will KILL the US DOLLAR dominance in the world economy? : Rupee Vs Dollar War,2022-07-15T14:30:11Z,3569022,117083,5669,PT13M49S,0,13,49,No,829,13.816666666666666,False
yPo7mq27jEg,RBI DETAILED State Report Explained in Detail: Are Indian states going BANKRUPT like SRI LANKA?,2022-07-12T14:30:11Z,1372090,55890,4557,PT16M32S,0,16,32,No,992,16.533333333333335,False
k-51exmR9R4,Why are Indian Startups Failing Miserably? : Business lessons from Indian start up Crash EXPLAINED,2022-07-08T14:30:09Z,1344000,47534,1908,PT16M11S,0,16,11,No,971,16.183333333333334,False
LwnApD9YXNY,Why BUY NOW PAY LATER Cards are facing the heat from the Regulators? : DARK side of BNPL,2022-07-05T14:30:11Z,1150660,35905,1673,PT12M56S,0,12,56,No,776,12.933333333333334,False
9SmS3qLe00k,How JAPAN's SECRET STRATEGY made it SUPER RICH even after USA's Nuclear Attack? | Lessons for India,2022-07-01T14:30:14Z,943470,39933,2378,PT16M31S,0,16,31,No,991,16.516666666666666,False
LYs4b3fTX7Y,Why is OLA's BUSINESS MODEL Failing MISERABLY in India? : Business case study,2022-06-26T12:30:11Z,1912238,47845,2538,PT13M22S,0,13,22,No,802,13.366666666666667,False
LJGb2qCNyzM,How AGNIPATH will Change the FORTUNES of Indian Armed Forces? : AGNIPATH SCHEME Explained,2022-06-23T14:30:12Z,872142,52025,4418,PT13M17S,0,13,17,No,797,13.283333333333331,False
BIn1AzZsQUU,How USA uses the EVIL WAR strategy to Manipulate the World? : US War Business strategy exposed,2022-06-21T14:30:10Z,2351327,98151,9988,PT16M33S,0,16,33,No,993,16.55,False
sZmNdXZjKgs,How UPI's Bold Business STRATEGY will KILL VISA and MASTERCARD? : UPI CREDIT LINKING EXPLAINED,2022-06-17T14:30:10Z,1024331,42973,1366,PT14M31S,0,14,31,No,871,14.516666666666667,False
kotO3sUv-xo,How Ratan TATA's brilliant business STRATEGY made it the KING of Indian AC market? : Case study,2022-06-14T14:30:15Z,800378,35056,1626,PT15M42S,0,15,42,No,942,15.7,False
VPFGqmFTKSM,Why are GIANT Edtech companies FAILING in India? : Edtech Crash Case study,2022-06-10T14:30:12Z,1929705,62099,3250,PT17M36S,0,17,36,No,1056,17.6,False
MSncugJvSa4,ADANI's Genius BUSINESS STRATEGY to become CEMENT KING of India? : Adani Ambuja Business Case Study,2022-06-07T14:30:09Z,1820072,51064,1639,PT15M6S,0,15,6,No,906,15.1,False
FPj5gTT4j_A,EXPLAINED: How fall of a currency value affects a country? : Using Case study of China and Nigeria,2022-06-03T14:30:12Z,1048197,38232,1672,PT15M6S,0,15,6,No,906,15.1,False
PZEQnCaGxgw,How Andaman and Nicobar's Military STRATEGY is making India UNBEATABLE? : Geopolitics Case study,2022-05-31T14:30:13Z,2445576,81145,2822,PT13M47S,0,13,47,No,827,13.783333333333331,False
t_qNc56FwsU,How Bangladesh's Secret STRATEGY made it RICH? : Business Case Study,2022-05-27T14:30:11Z,1288570,24946,2727,PT14M38S,0,14,38,No,878,14.633333333333333,False
sBBMRBVvVis,Will ONDC KILL Zomato & Swiggy? : Business case study,2022-05-24T14:30:14Z,2463253,74609,2709,PT16M1S,0,16,1,No,961,16.016666666666666,False
BiO2WRPBzSA,Why is India facing a power crisis despite having the 5th largest Coal reserves in the World?,2022-05-21T14:30:13Z,517561,24695,1583,PT11M51S,0,11,51,No,711,11.85,False
h7xd2PqtglQ,How Adani got RICH after Palm Oil crisis ? : Edible Oil crisis Case study,2022-05-18T14:30:12Z,1194288,38477,1463,PT14M9S,0,14,9,No,849,14.15,False
I7vz7Ym82_4,How India is TRAPPING China with its Military STRATEGY? Geopolitics EXPLAINED,2022-05-15T14:30:14Z,14585726,317363,23122,PT15M19S,0,15,19,No,919,15.316666666666666,False
_VdKPmtzuqs,How BANGLADESH became a SUPER FAST growing Asian Economy? : Bangladesh Growth case study,2022-05-10T14:30:10Z,586211,22768,3462,PT17M19S,0,17,19,No,1039,17.316666666666666,False
UE-Y6W4p8k4,How American Ultra Rich saved Tax worth 1 Trillion dollars? : Business Case Study,2022-05-03T14:30:10Z,335948,13548,597,PT10M13S,0,10,13,No,613,10.216666666666669,False
Rh30CfP7ncA,Why NITIN GADKARI is pushing GREEN HYDROGEN for Indian Industries : Policy Case Study,2022-04-29T14:30:11Z,2596583,70420,2602,PT17M1S,0,17,1,No,1021,17.016666666666666,False
8352JG8CCoE,How China is TRAPPING INDIA using Pakistan & Sri Lanka? :Geopolitics Case study (China's Trade plan),2022-04-27T14:30:32Z,1428389,53501,3336,PT15M19S,0,15,19,No,919,15.316666666666666,False
Wlgk8XXHWuA,Was BSNL KILLED by the Powerful people of India? : BSNL Tragedy Case Study,2022-04-23T14:30:11Z,935598,31169,3334,PT17M46S,0,17,46,No,1066,17.766666666666666,False
SGpTBKbGcQ8,How PAKISTAN Destroyed its Economy?Pakistan's Economic Crisis case study,2022-04-19T14:30:13Z,1488397,52155,5339,PT18M4S,0,18,4,No,1084,18.066666666666663,False
urLoa8PkQpU,How Tanishq HACKED the GOLD Market of India : Titan & Tanishq (A TATA Product)  Business Case Study,2022-04-15T14:30:13Z,1261594,28677,1126,PT15M9S,0,15,9,No,909,15.15,False
H3Z7bFXfMAU,How China SECRETLY Killed Sri Lanka ? : Understanding China's Master plan Ep 1/3 Case Study,2022-04-12T14:30:10Z,585540,27401,2966,PT16M33S,0,16,33,No,993,16.55,False
eLT1To94V-Q,Ratan TATA vs Reliance: How TATA NEU App's BUSINESS MODEL will change the game for TATAS?,2022-04-08T13:30:13Z,621989,25775,851,PT13M32S,0,13,32,No,812,13.533333333333331,False
kXvwHAeWYqs,Dream 11 : Exposed | Business Case Study,2022-04-05T13:45:14Z,302442,15395,673,PT11M49S,0,11,49,No,709,11.816666666666666,False
iLY_5DMndWY,How did IPL's GENIUS Business Model make it a MONEY MACHINE FOR India? : IPL Business case study,2022-04-01T14:00:12Z,1097709,28772,636,PT12M9S,0,12,9,No,729,12.15,False
JkIxbnhMrTw,How did the INTERNET MAFIA kill Mozilla? : Business case study Mozilla vs Microsoft/Google,2022-03-29T14:00:11Z,515136,20032,1040,PT16M7S,0,16,7,No,967,16.116666666666667,False
WKdrVVv70dk,How did Ratan TATA build TITAN into a $31 Billion company? : Titan Watches Case Study,2022-03-25T14:00:12Z,855421,27494,1005,PT15M34S,0,15,34,No,934,15.566666666666666,False
WWpSZY1RAAM,"How HAVELLS BUSINESS strategy made it a GOLDMINE stock with 70,000% returns : Case Study?",2022-03-22T14:00:12Z,500296,16074,444,PT13M59S,0,13,59,No,839,13.983333333333333,False
iQRe7OHtHXg,"How did scammers game the LARGEST STOCK EXCHANGE in India to make 50,000cr? : NSE Scam Explained",2022-03-18T14:30:11Z,773289,30140,812,PT13M16S,0,13,16,No,796,13.266666666666667,False
WnfqgKTz3fk,Why is the USA manipulating India & the World about Russia-Ukraine war? : Geopolitical Case Study,2022-03-11T14:00:14Z,806519,48485,3730,PT15M10S,0,15,10,No,910,15.166666666666666,False
-DE7KXOK_qU,How did a Woman born in India become the CEO of PEPSICO & transformed it? : Women's Day Case Study,2022-03-08T14:00:13Z,325503,13245,329,PT12M54S,0,12,54,No,774,12.9,False
dVtnSPZn6BU,How LIC's Agents Changed India FOREVER turning it into a 22 Lakh Crore Company ? : LIC Case Study,2022-03-04T14:00:12Z,403075,14573,587,PT15M25S,0,15,25,No,925,15.416666666666666,False
3rHfD9IB-24,Think School's Youtube STRATEGY to go from 0 to 1 Million subscribers | Think School Case Study,2022-03-01T14:00:10Z,431865,22311,1351,PT19M21S,0,19,21,No,1161,19.35,False
vgV9HNuUxKY,How ABG Shipyard pulled off the BIGGEST Banking Fraud in Indian History? : Business Case Study,2022-02-25T11:14:40Z,912803,23940,841,PT14M15S,0,14,15,No,855,14.25,False
B_AY4a3_-GQ,How India's MASTERSTROKE with Rupay is killing VISA and is changing India? : Business Case Study,2022-02-22T14:00:11Z,2197914,62779,3443,PT15M3S,0,15,3,No,903,15.05,False
cbTEAeteaI8,"How Pidilite's STRATEGY made it a GOLDMINE stock giving 14,000% returns? : Business Case Study",2022-02-18T14:30:11Z,508076,17049,402,PT13M10S,0,13,10,No,790,13.166666666666666,False
jRRpGLy0TBg,How Mankind's GENIUS STRATEGY turned Preganews into a Market Leader?: Business Case study,2022-02-16T14:00:09Z,223811,9406,287,PT12M50S,0,12,50,No,770,12.833333333333334,False
Paux1v1E2pY,How Wint Wealth is dominating the Bond Market? : Detailed Case Study,2022-02-08T14:30:12Z,507195,23449,702,PT16M9S,0,16,9,No,969,16.15,False
j7vhuQ_GzvQ,How Ashneer Grover's GENIUS STRATEGY turned Bharatpe into a $2.8 Billion company?,2022-02-04T14:00:12Z,1107100,39901,1368,PT14M32S,0,14,32,No,872,14.533333333333331,False
5LGvQaYB67I,How HDFC's Genius strategies KILLED the Banking Monopolies in India? : Business Case study,2022-02-01T14:00:11Z,2557153,48968,1199,PT13M17S,0,13,17,No,797,13.283333333333331,False
31UVvKEYO6k,How Aman Gupta's MARKETING STRATEGY turned Boat into a 1500CR Company : Business case study,2022-01-28T14:00:09Z,1779239,61264,2140,PT15M20S,0,15,20,No,920,15.333333333333334,False
Wf6X-50OQdE,Netaji Subash Chandra Bose: What Schools don't teach you about India's Real Hero!,2022-01-21T14:00:13Z,1355044,92077,5087,PT12M41S,0,12,41,No,761,12.683333333333334,False
t-VpFrqd0W0,How METAVERSE will CHANGE your LIFE? : Business Case Study + a Special Clip Attached,2022-01-18T14:00:13Z,687181,23600,1088,PT15M56S,0,15,56,No,956,15.933333333333334,False
C2tjnJOy7Hw,How iPhone is Killing Apple? What is Tim Cook's STRATEGY to fix it? : Business case study,2022-01-14T14:30:15Z,964205,28676,775,PT11M50S,0,11,50,No,710,11.833333333333334,False
M9L72ssQAmU,"How JOCKEY's STRATEGY made it a MULTIBAGGER with 14,000% returns? | Page Industries Case Study",2022-01-11T14:00:12Z,518207,21980,524,PT13M10S,0,13,10,No,790,13.166666666666666,False
cQotN8sAhSM,Indian Government's MASTERPLAN to take control of the SEMICONDUCTOR CRISIS by beating China,2022-01-04T14:00:13Z,1743803,46018,1903,PT12M26S,0,12,26,No,746,12.433333333333334,False
upoKb50FiC4,Mensa's GENIUS E-Commerce strategy that made it the fastest unicorn in Indian BUSINESS HISTORY,2021-12-31T11:30:12Z,830497,26742,650,PT14M9S,0,14,9,No,849,14.15,False
vkrBQCQLQG0,"How Gaming became a $180,000,000,000 Industry? | Evolution of Gaming Part 1: Esports Case Study",2021-12-24T14:00:14Z,311732,15823,591,PT14M46S,0,14,46,No,886,14.766666666666667,False
7QOLDRY_Uk4,How INDIGO AIRLINES became a MONOPOLY in Indian Aviation business | Monopoly series EP 3,2021-12-21T15:00:09Z,1264419,30185,716,PT18M44S,0,18,44,No,1124,18.733333333333334,False
tI9fRLNmNkY,How DELL KILLED the IBM MONOPOLY? : Dell vs IBM Case Study,2021-12-18T12:30:13Z,620438,19971,439,PT16M54S,0,16,54,No,1014,16.9,False
X-CLMLrHcqU,How India is fighting China in the Solar wars : Geopolitics Case Study,2021-12-14T14:00:14Z,435754,17326,725,PT13M57S,0,13,57,No,837,13.95,False
r5OCFaXqS5I,How MAGGI's GENIUS Marketing Strategy made it a Market Leader?: Nestle Business Case Study,2021-12-10T14:00:11Z,972213,32207,838,PT15M3S,0,15,3,No,903,15.05,False
jGT6ob8hV6M,How Asian Paints Built MONOPOLY in the Indian market? : Indian Monopolies EP 1,2021-12-07T15:15:13Z,673352,25788,738,PT19M19S,0,19,19,No,1159,19.316666666666663,False
yxC9kgS8lnQ,The GREAT INDIAN SPORTS WAR : Puma vs Adidas vs Nike,2021-12-03T14:30:14Z,869804,28993,904,PT14M18S,0,14,18,No,858,14.3,False
K-ZPmQZn9eY,The Future of Insurance in INDIA : Shared value model (Using business case studies),2021-11-30T14:00:11Z,228314,11267,315,PT13M51S,0,13,51,No,831,13.85,False
8tBuAM0XHmY,How KERALA's MARKETING STRATEGY changed Indian Tourism FOREVER? : Tourism Case Study,2021-11-26T14:00:12Z,462200,18547,1657,PT15M47S,0,15,47,No,947,15.783333333333331,False
-NtB3rf8paE,Zomato‚Äôs SECRET Plan to Become Profitable: Zomato Hyperpure Business Case Study,2021-11-19T14:15:13Z,298848,12042,540,PT12M33S,0,12,33,No,753,12.55,False
pZNDUy3DuC4,Jio Mart can KILL Dmart? : The most EPIC Retail War of India (Business Case study),2021-11-16T14:00:12Z,574032,20470,1111,PT13M32S,0,13,32,No,812,13.533333333333331,False
tDfWwZlJE7Y,Apple is trying to KILL Facebook? : Trillion Dollar Tech war (Business case study),2021-11-12T14:00:11Z,324625,16699,619,PT12M3S,0,12,3,No,723,12.05,False
SGIKsejp7-0,How to KILL a MONOPOLY? : The fall of Gillette (Business STRATEGY Case Study),2021-11-09T14:00:13Z,592431,26371,774,PT12M43S,0,12,43,No,763,12.716666666666669,False
K7uvd1Muc80,This BUSINESS STRATEGY turned Wow Momo into a 1000Cr company? : Business strategy case study,2021-11-05T15:30:10Z,629130,24579,957,PT13M15S,0,13,15,No,795,13.25,False
TCboTQr8Ecg,How did Nykaa BEAT Amazon & Flipkart in e-Commerce War?  : Business case study,2021-11-02T14:00:13Z,635549,22884,817,PT15M24S,0,15,24,No,924,15.4,False
er752AxyziE,How TATA STEEL became the GREATEST Company in INDIAN History? | Business Case Study  Ep2 Tata Series,2021-10-29T15:30:11Z,591912,23139,580,PT13M59S,0,13,59,No,839,13.983333333333333,False
glHQPkrcf8A,IKEA :How to grow sales by 200% using Pricing STRATEGIES?: Business Case Study,2021-10-26T15:30:12Z,842195,25994,686,PT13M49S,0,13,49,No,829,13.816666666666666,False
6DEOW9ZQ2BI,NIKE's Unusual Business Strategy to to Market itself & make Billions? (Business STRATEGY Case Study),2021-10-19T15:30:11Z,296126,14164,523,PT12M36S,0,12,36,No,756,12.6,False
DzZCVqrtXYw,How ITC's Business STRATEGY revolutionised Indian Agriculture? : Business case study,2021-10-15T15:30:12Z,935543,33270,1491,PT14M34S,0,14,34,No,874,14.566666666666666,False
3KkHTHZckEY,Why is Mukesh Ambani's Reliance Partnering with 7-Eleven Store chain? : Business strategy case study,2021-10-12T15:30:12Z,519002,21125,817,PT14M49S,0,14,49,No,889,14.816666666666666,False
Z7P-t_yc8gE,"The Origin story of Haldiram : an 80,000cr  business empire? : Business case study",2021-10-09T12:30:13Z,1171385,35131,1025,PT15M12S,0,15,12,No,912,15.2,False
I9p5K2Ke2MA,How Microsoft KILLS its Competition Silently?: Business Strategy Case Study,2021-10-05T15:30:12Z,848380,32533,1197,PT13M11S,0,13,11,No,791,13.183333333333334,False
B5txS_lC1yY,How Dmart's BUSINESS STRATEGY made Radhakishan Damani the Retail King of India?: Business Case study,2021-10-01T15:30:14Z,1295639,34793,866,PT13M44S,0,13,44,No,824,13.733333333333333,False
OEB_UviHDq0,Jamshedji  TATA : STRATEGY of the GREATEST BUSINESS TYCOON of India,2021-09-28T15:30:13Z,1182502,39432,1011,PT14M13S,0,14,13,No,853,14.216666666666669,False
8mef_bxijJk,Henry Ford's Business STRATEGY made FORD a billion dollar company : Business Case study,2021-09-21T15:30:13Z,289110,14982,591,PT13M49S,0,13,49,No,829,13.816666666666666,False
0wVAPXswE6E,How did Toyota beat FORD & GM using its GENIUS Supply Chain Model?,2021-09-17T15:30:01Z,542595,23027,837,PT13M51S,0,13,51,No,831,13.85,False
-IjjEp8V7dI,Google's $1 TRILLION Business STRATEGY that made it Successful: Business Case Study,2021-09-14T15:30:14Z,395593,17859,598,PT13M46S,0,13,46,No,826,13.766666666666667,False
6Yh1f2nat9o,Burger King's Secret STRATEGY to compete with McDonald's: Burger Wars Ep 1,2021-09-10T15:30:12Z,297700,16840,656,PT12M7S,0,12,7,No,727,12.116666666666667,False
-d7f71CFACo,How Reliance is planning to KILL Amazon in INDIA? : The BIGGEST BUSINESS WAR IN INDIAN HISTORY,2021-09-07T15:30:13Z,1601721,52594,3487,PT15M33S,0,15,33,No,933,15.55,False
PMj4uZvpSvE,How this BUSINESS STRATEGY made Azim Premji a BILLIONAIRE? : Wipro Case Study,2021-09-04T14:30:12Z,264836,14459,687,PT11M14S,0,11,14,No,674,11.233333333333333,False
ebxaYgw8Nfw,How to run an Airline business profitably for 47 years & counting: Southwest Airlines CaseStudy,2021-08-31T15:30:13Z,230466,15440,779,PT15M41S,0,15,41,No,941,15.683333333333334,False
ON-vFJbq1Vc,Decoding ZARA's Billion Dollar Business STRATEGY : Fashion Business Case Study,2021-08-27T15:30:23Z,1806963,64461,2400,PT14M41S,0,14,41,No,881,14.683333333333334,False
l2BR48V5UFg,How Flipkart is beating Amazon using its Business STRATEGY ? : Indian Retail Wars Episode 1,2021-08-24T15:30:12Z,708452,36467,1760,PT13M29S,0,13,29,No,809,13.483333333333333,False
RoD3kThcl6U,Decoding BIG Bull's Business STRATEGY to enter Indian Aviation Market : Akasa Airlines Case study,2021-08-20T16:00:10Z,1246597,43090,1647,PT12M23S,0,12,23,No,743,12.383333333333333,False
yhpVAki47RI,How Airtel is Beating Jio? : Business Strategy case study,2021-08-13T15:30:10Z,2305058,86299,4823,PT15M52S,0,15,52,No,952,15.866666666666667,False
ERN8MZl-2pw,Complete Business Analysis of Electric Mobility Sector using the 3 Lenses of Innovation,2021-08-10T15:30:10Z,425759,20606,1145,PT16M12S,0,16,12,No,972,16.2,False
nnwqtZiYMxQ,"How Amul beat its competition & made 39,200 Cr during Lockdown? : Business case study",2021-08-03T15:30:12Z,1429158,60212,1728,PT12M58S,0,12,58,No,778,12.966666666666669,False
BxDmbGFABJw,What made Walmart the most powerful business Empire worth $559 Billion ? : Business case study,2021-07-30T15:30:10Z,584366,28458,788,PT13M41S,0,13,41,No,821,13.683333333333334,False
YvA5RFhmLNA,How Airbnb used Recession to become a 131 Billion Dollar Company?,2021-07-27T15:30:12Z,329507,15497,477,PT14M,0,14,0,No,840,14.0,False
NM-WadrQqWE,How to end poverty in India : Cardano Case study from Ethiopia,2021-07-23T15:30:11Z,523844,24190,1709,PT14M33S,0,14,33,No,873,14.55,False
HFzSK32G4OU,Business War: Spotify vs Apple Music vs YouTube Music,2021-07-20T15:30:14Z,338020,18564,896,PT15M12S,0,15,12,No,912,15.2,False
5JKTbU6RnA0,How India can Become Rich by Adopting the Ireland Education Model?,2021-07-16T15:30:12Z,744720,30163,1707,PT11M46S,0,11,46,No,706,11.766666666666667,False
-_jOwk6GsXo,How to pick the next Stock Market GOLDMINE? (includes Green Energy Case Study),2021-07-13T16:00:12Z,395452,21074,795,PT14M30S,0,14,30,No,870,14.5,False
fTuVWwTQegQ,How could Zomato become Profitable? : Understanding the future of Foodtech in India,2021-07-09T15:30:11Z,1146600,53524,3547,PT18M,0,18,0,No,1080,18.0,False
lSF--3zgjKQ,How to use FEAR to boost your sales? (Ethically),2021-07-06T15:30:09Z,209387,12692,689,PT11M29S,0,11,29,No,689,11.483333333333333,False
KNblG_-QOL0,What India can Learn from Singapore? (Part 2),2021-07-02T15:30:14Z,594890,37527,2622,PT15M37S,0,15,37,No,937,15.616666666666667,False
XZxQtzUi6d8,The Story Rebuilding of Singapore: Part 1,2021-06-29T15:30:14Z,583713,29024,1166,PT10M30S,0,10,30,No,630,10.5,False
aEDjZvB3UZM,How India can change forever using Ethereum (Smart contracts)?,2021-06-25T15:30:11Z,324336,23890,1279,PT12M34S,0,12,34,No,754,12.566666666666666,False
p2RCPyv95SE,How did Facebook become a $850 billion company?,2021-06-22T15:30:12Z,237547,14718,630,PT12M16S,0,12,16,No,736,12.266666666666667,False
hHGlDhJkDKI,Walmart vs Small Local Vendors: American Express Casestudy,2021-06-15T15:30:13Z,137511,10648,532,PT8M53S,0,8,53,No,533,8.883333333333333,False
YCngR6uSEVo,How to build Brand loyalty like Volvo?,2021-06-11T15:30:13Z,348004,18472,900,PT8M43S,0,8,43,No,523,8.716666666666667,False
bUFVJKwZYP4,Will Netflix survive the competition? Business Case Study,2021-06-08T15:30:11Z,848811,35979,1592,PT15M32S,0,15,32,No,932,15.533333333333331,False
fxjFr54LLOw,How did Domino's Pizza become so successful? Business Case Study,2021-06-04T15:30:12Z,822960,24313,571,PT8M53S,0,8,53,No,533,8.883333333333333,False
wAHSJgIx5wA,How did Johnnie Walker keep walking for more than 200 years? : Marketing Case Study,2021-06-01T15:30:10Z,424272,18189,606,PT10M9S,0,10,9,No,609,10.15,False
Lb55kGWCZy0,How to Pitch your IDEA using a Powerful Sales Technique?,2021-05-28T15:45:10Z,213715,12720,398,PT8M28S,0,8,28,No,508,8.466666666666667,False
jp_CSPtSQWY,How did India's MTR Foods overcome all the economic downturns in the past 97 years &make 1000Crores?,2021-05-25T15:30:54Z,327517,15893,619,PT9M12S,0,9,12,No,552,9.2,False
ztr7weugMR8,Japan's Innovative Marketing Campaign is saving it from an economic crisis?,2021-05-21T15:30:16Z,370358,25821,1006,PT8M22S,0,8,22,No,502,8.366666666666667,False
EdpoEmifW7M,How 7 Mumbai-based women Entrepreneurs made a 1600 Cr empire from 80Rs | Lijjat Papad Case Study,2021-05-18T15:30:15Z,1095855,53376,1562,PT11M16S,0,11,16,No,676,11.266666666666667,False
X2f9IiflXaQ,"Content Marketing Lessons from Red Bull, FORD and Garyvee's book Crush it!",2021-05-14T15:30:17Z,271637,16623,579,PT9M26S,0,9,26,No,566,9.433333333333334,False
A1k62pSQ7so,This simple idea changed FMCG Market forever | CHIK Shampoo Case Study,2021-05-11T15:30:16Z,473417,27224,1245,PT8M28S,0,8,28,No,508,8.466666666666667,False
GTv4ixuAU3k,How to Learn to Speak in English Fluently for FREE in the most practical way possible? Think School,2021-05-04T15:30:16Z,740072,45725,1271,PT9M39S,0,9,39,No,579,9.65,False
fnO6UfeplxE,"How to Handle Criticism, Hate and Disrespect?",2021-04-30T15:30:17Z,418685,30517,1212,PT9M4S,0,9,4,No,544,9.066666666666666,False
YRYLPeWCOP0,Gillette's Billion Dollar Business Strategy that kept it relevant for 120 years,2021-04-27T15:30:08Z,737835,44822,1360,PT7M58S,0,7,58,No,478,7.966666666666667,False
h9dlG5WfDfI,Why should I hire you? Complete framework to answer this question,2021-04-23T15:30:09Z,153066,12399,529,PT8M8S,0,8,8,No,488,8.133333333333333,False
xOeGbJ2bYL0,How is Zoho's Sridhar Vembu transforming Indian village economy by providing education & jobs?,2021-04-20T15:30:16Z,500146,37953,1320,PT6M28S,0,6,28,No,388,6.466666666666667,False
N1Ak5RSAFww,How to Introduce yourself in an Interview without being nervous? (Most effective technique),2021-04-16T15:30:17Z,444305,30558,479,PT5M57S,0,5,57,No,357,5.95,False
EUcVBDtJo5M,CRED's Genius Business Model EXPLAINED,2021-04-13T15:30:02Z,1950772,94141,3754,PT10M5S,0,10,5,No,605,10.083333333333334,False
TqZRgHOlKmU,STOP making these 3 Interview Mistakes! (90% Candidates get rejected because of this),2021-04-09T15:31:08Z,76825,6041,204,PT9M19S,0,9,19,No,559,9.316666666666666,False
n1wsInQGX4c,Skyrocket your productivity using this simple Step-by-step guide to focus!,2021-04-02T15:38:50Z,376200,29433,835,PT7M53S,0,7,53,No,473,7.883333333333334,False
6-tS7-IhCbI,The Genius Marketing Strategy of Marlboro Cigarettes | Business Marketing Case study,2021-03-30T15:31:04Z,4423019,164855,4491,PT7M58S,0,7,58,No,478,7.966666666666667,False
k--beE42aDs,How to Read effectively like a CEO? (NOT Speed Reading),2021-03-26T16:12:50Z,1264144,73265,2068,PT14M36S,0,14,36,No,876,14.6,False
LNmhEp0kj5Q,IKEA Business Case Study: How to Earn 40 Billion$ Every Year by Selling Furniture? (IKEA Effect),2021-03-24T16:21:27Z,841345,45864,1576,PT11M50S,0,11,50,No,710,11.833333333333334,False
t8v1aWCZYTE,How to earn money as a Freelancer in 2021 : A step-by-step Guide,2021-03-19T14:30:17Z,444132,26561,661,PT12M6S,0,12,6,No,726,12.1,False
vguLPoLiFNg,Zerodha Case Study: Bootstrapped to Billion dollar valuation startup without advertisements!,2021-03-13T11:47:00Z,710264,30583,920,PT9M2S,0,9,2,No,542,9.033333333333331,False
pK887oMqxRY,How to get a game-changing startup idea? | The Art of Innovation,2021-01-18T03:30:02Z,259228,15444,493,PT10M34S,0,10,34,No,634,10.566666666666666,False
IxIi1xTx8zc,Zuckerberg is watching? How to safeguard your data from Facebook?,2021-01-13T04:00:25Z,23394,1967,166,PT9M5S,0,9,5,No,545,9.083333333333334,False
5vMbXNjgSjw,3 Self Help Books that changed my Life | My Book Recommendations,2021-01-10T03:00:04Z,340972,18138,381,PT6M41S,0,6,41,No,401,6.683333333333334,False
o-gGiyY9s9w,How does Facebook kill its competition? Explained with examples,2021-01-09T04:30:04Z,295920,16239,597,PT11M19S,0,11,19,No,679,11.316666666666666,False
Qob_63A3Wzw,How to set Goals and work consistently towards it?,2021-01-03T07:11:02Z,199697,12444,267,PT8M34S,0,8,34,No,514,8.566666666666666,False
8rulgRgwHYc,How is India's STRATEGY attracting Industries from China : Production incentive program explained,2020-12-25T15:11:18Z,172202,8769,469,PT9M51S,0,9,51,No,591,9.85,False
J3oIuKfx4SE,How much motivation is good for you? (How not to overdo it and get shit done),2020-12-15T12:30:15Z,64735,4364,162,PT4M21S,0,4,21,No,261,4.35,False
JqSeQ3c4_qI,The story of the Spice King of India from a Tonga driver to a Millionaire,2020-12-05T13:49:37Z,314135,11165,337,PT10M8S,0,10,8,No,608,10.133333333333333,False
ODBJz87boBQ,Dhirubhai Ambani vs Bear Cartel | Stock Market Concepts EXPLAINED,2020-11-18T13:15:26Z,701900,30729,961,PT12M56S,0,12,56,No,776,12.933333333333334,False
wzsYAuxhxSw,The smoothest Sales Pitch you will ever come accross: Amway Case Study,2020-11-05T16:35:56Z,476788,19036,550,PT6M11S,0,6,11,No,371,6.183333333333334,False
rN0HrbDDmZ8,What Steve Jobs learnt from Nike's marketing campaign that beat it's rival Adidas,2020-10-24T15:43:51Z,1482172,62723,2095,PT12M20S,0,12,20,No,740,12.333333333333334,False
UL9dWIy2WZs,How Coca-Cola sold sugared water for over 100 years? | Marketing Casestudy,2020-10-11T14:07:49Z,430501,17838,832,PT8M54S,0,8,54,No,534,8.9,False
76w6GQ1vs1Y,What are the FARM BILLS & Why are farmers protesting? (History & Concepts Explained),2020-10-04T09:49:52Z,560833,22029,1999,PT32M39S,0,32,39,No,1959,32.65,False
WCJQ2PhzEOM,This is how Jeff Bezos' Amazon beat their competition legitimately,2020-09-30T07:48:08Z,239319,13420,733,PT11M53S,0,11,53,No,713,11.883333333333333,False
3t6Ikn6mkH0,The Secret Business lessons from Amazon's Jeff Bezos,2020-09-23T07:54:09Z,343980,9145,276,PT9M48S,0,9,48,No,588,9.8,False
6GWm2OyekXY,Don't Hustle!  DO THIS instead!,2020-09-16T14:10:51Z,83656,5498,260,PT3M29S,0,3,29,No,209,3.4833333333333334,False
ULhoofZmZmg,How China's most successful businessman Jack Ma's Alibaba beat the US giant eBay?,2020-09-05T03:45:12Z,293743,13579,600,PT10M34S,0,10,34,No,634,10.566666666666666,False
nvN3cpi2Dgg,How to never get distracted?,2020-08-24T05:55:37Z,1430987,74133,1785,PT8M3S,0,8,3,No,483,8.05,False
odPwOQI_O0Q,Train your mind to never get nervous in any situation  (Practical Steps),2020-08-16T13:34:50Z,863314,39910,816,PT11M15S,0,11,15,No,675,11.25,False
cWsxSP3KGvs,Can India's National Education Policy (NEP 2020) transform the Indian Education System? (EXPLAINED),2020-08-06T04:33:50Z,162179,8537,393,PT15M9S,0,15,9,No,909,15.15,False
3tVoKZ5pHMU,Indian Education System EXPOSED & How can we fix it? (Rant by an Engineering College Student),2020-07-28T18:04:56Z,147326,6325,269,PT9M21S,0,9,21,No,561,9.35,False
